model,horizon,origin_index,origin_date,target_index,target_date,actual,prediction
Filter,1,2475,2014-06-14,2476,2014-06-21,2583000.0,2595321.037259484
Filter,1,2476,2014-06-21,2477,2014-06-28,2579000.0,2583193.190564242
Filter,1,2477,2014-06-28,2478,2014-07-05,2540000.0,2579032.5332770715
Filter,1,2478,2014-07-05,2479,2014-07-12,2528000.0,2540560.3189243777
Filter,1,2479,2014-07-12,2480,2014-07-19,2542000.0,2528392.4251961764
Filter,1,2480,2014-07-19,2481,2014-07-26,2524000.0,2542124.3263596925
Filter,1,2481,2014-07-26,2482,2014-08-02,2530000.0,2524166.7560878242
Filter,1,2482,2014-08-02,2483,2014-08-09,2508000.0,2530212.2994144866
Filter,1,2483,2014-08-09,2484,2014-08-16,2517000.0,2508250.244166956
Filter,1,2484,2014-08-16,2485,2014-08-23,2483000.0,2517153.811797634
Filter,1,2485,2014-08-23,2486,2014-08-30,2486000.0,2483370.4076658227
Filter,1,2486,2014-08-30,2487,2014-09-06,2452000.0,2486379.6206985135
Filter,1,2487,2014-09-06,2488,2014-09-13,2465000.0,2452643.3880407442
Filter,1,2488,2014-09-13,2489,2014-09-20,2447000.0,2465527.8256656327
Filter,1,2489,2014-09-20,2490,2014-09-27,2427000.0,2447599.270846742
Filter,1,2490,2014-09-27,2491,2014-10-04,2441000.0,2427954.5367532144
Filter,1,2491,2014-10-04,2492,2014-10-11,2409000.0,2441604.769629333
Filter,1,2492,2014-10-11,2493,2014-10-18,2437000.0,2410116.9055655035
Filter,1,2493,2014-10-18,2494,2014-10-25,2406000.0,2437604.7986663566
Filter,1,2494,2014-10-25,2495,2014-11-01,2436000.0,2407160.9597076834
Filter,1,2495,2014-11-01,2496,2014-11-08,2384000.0,2436762.4597475333
Filter,1,2496,2014-11-08,2497,2014-11-15,2351000.0,2385322.8485794584
Filter,1,2497,2014-11-15,2498,2014-11-22,2389000.0,2352711.3647813555
Filter,1,2498,2014-11-22,2499,2014-11-29,2484000.0,2390044.3130071578
Filter,1,2499,2014-11-29,2500,2014-12-06,2381000.0,2484211.229192769
Filter,1,2500,2014-12-06,2501,2014-12-13,2379000.0,2382427.723670723
Filter,1,2501,2014-12-13,2502,2014-12-20,2338000.0,2380422.0183104514
Filter,1,2502,2014-12-20,2503,2014-12-27,2422000.0,2339917.7906395267
Filter,1,2503,2014-12-27,2504,2015-01-03,2381000.0,2422924.863819065
Filter,1,2504,2015-01-03,2505,2015-01-10,2400000.0,2382385.4822684284
Filter,1,2505,2015-01-10,2506,2015-01-17,2336000.0,2401450.835482042
Filter,1,2506,2015-01-17,2507,2015-01-24,2335000.0,2338066.838509952
Filter,1,2507,2015-01-24,2508,2015-01-31,2297000.0,2337099.1069391733
Filter,1,2508,2015-01-31,2509,2015-02-07,2344000.0,2299314.086274791
Filter,1,2509,2015-02-07,2510,2015-02-14,2319000.0,2345766.8661477645
Filter,1,2510,2015-02-14,2511,2015-02-21,2341000.0,2321168.330373183
Filter,1,2511,2015-02-21,2512,2015-02-28,2357000.0,2342935.279223869
Filter,1,2512,2015-02-28,2513,2015-03-07,2361000.0,2358732.918548965
Filter,1,2513,2015-03-07,2514,2015-03-14,2361000.0,2362940.333325188
Filter,1,2514,2015-03-14,2515,2015-03-21,2306000.0,2362806.210069944
Filter,1,2515,2015-03-21,2516,2015-03-28,2278000.0,2308491.948827919
Filter,1,2516,2015-03-28,2517,2015-04-04,2273000.0,2280684.35810011
Filter,1,2517,2015-04-04,2518,2015-04-11,2320000.0,2275705.7028011517
Filter,1,2518,2015-04-11,2519,2015-04-18,2279000.0,2322125.270126831
Filter,1,2519,2015-04-18,2520,2015-04-25,2254000.0,2281659.0253713205
Filter,1,2520,2015-04-25,2521,2015-05-02,2261000.0,2256893.332579301
Filter,1,2521,2015-05-02,2522,2015-05-09,2253000.0,2263755.368555499
Filter,1,2522,2015-05-09,2523,2015-05-16,2258000.0,2255841.0651076627
Filter,1,2523,2015-05-16,2524,2015-05-23,2236000.0,2260508.6899163174
Filter,1,2524,2015-05-23,2525,2015-05-30,2294000.0,2239026.7659978336
Filter,1,2525,2015-05-30,2526,2015-06-06,2250000.0,2296213.938410926
Filter,1,2526,2015-06-06,2527,2015-06-13,2268000.0,2252979.1179017937
Filter,1,2527,2015-06-13,2528,2015-06-20,2265000.0,2270411.391828886
Filter,1,2528,2015-06-20,2529,2015-06-27,2312000.0,2267588.7964266744
Filter,1,2529,2015-06-27,2530,2015-07-04,2233000.0,2314020.153613458
Filter,1,2530,2015-07-04,2531,2015-07-11,2226000.0,2236109.9164178655
Filter,1,2531,2015-07-11,2532,2015-07-18,2267000.0,2228886.339634452
Filter,1,2532,2015-07-18,2533,2015-07-25,2253000.0,2269514.9868022357
Filter,1,2533,2015-07-25,2534,2015-08-01,2257000.0,2255812.9240839016
Filter,1,2534,2015-08-01,2535,2015-08-08,2247000.0,2259815.9796083863
Filter+ES,1,2475,2014-06-14,2476,2014-06-21,2583000.0,2593449.1568388664
Filter+ES,1,2476,2014-06-21,2477,2014-06-28,2579000.0,2581551.8748941114
Filter+ES,1,2477,2014-06-28,2478,2014-07-05,2540000.0,2577602.147937061
Filter+ES,1,2478,2014-07-05,2479,2014-07-12,2528000.0,2538834.6706125503
Filter+ES,1,2479,2014-07-12,2480,2014-07-19,2542000.0,2526914.1731528216
Filter+ES,1,2480,2014-07-19,2481,2014-07-26,2524000.0,2540894.9713841025
Filter+ES,1,2481,2014-07-26,2482,2014-08-02,2530000.0,2522880.3616132173
Filter+ES,1,2482,2014-08-02,2483,2014-08-09,2508000.0,2528923.0559930755
Filter+ES,1,2483,2014-08-09,2484,2014-08-16,2517000.0,2506966.7243576595
Filter+ES,1,2484,2014-08-16,2485,2014-08-23,2483000.0,2515944.461257051
Filter+ES,1,2485,2014-08-23,2486,2014-08-30,2486000.0,2481993.51557465
Filter+ES,1,2486,2014-08-30,2487,2014-09-06,2452000.0,2485048.361533961
Filter+ES,1,2487,2014-09-06,2488,2014-09-13,2465000.0,2451181.526982249
Filter+ES,1,2488,2014-09-13,2489,2014-09-20,2447000.0,2464250.972756895
Filter+ES,1,2489,2014-09-20,2490,2014-09-27,2427000.0,2446333.797132636
Filter+ES,1,2490,2014-09-27,2491,2014-10-04,2441000.0,2426489.4878443717
Filter+ES,1,2491,2014-10-04,2492,2014-10-11,2409000.0,2440547.7717872458
Filter+ES,1,2492,2014-10-11,2493,2014-10-18,2437000.0,2408737.4175644447
Filter+ES,1,2493,2014-10-18,2494,2014-10-25,2406000.0,2436744.4586277893
Filter+ES,1,2494,2014-10-25,2495,2014-11-01,2436000.0,2405949.2094645286
Filter+ES,1,2495,2014-11-01,2496,2014-11-08,2384000.0,2435993.655191709
Filter+ES,1,2496,2014-11-08,2497,2014-11-15,2351000.0,2384257.061645221
Filter+ES,1,2497,2014-11-15,2498,2014-11-22,2389000.0,2351534.7447734796
Filter+ES,1,2498,2014-11-22,2499,2014-11-29,2484000.0,2389617.0481420592
Filter+ES,1,2499,2014-11-29,2500,2014-12-06,2381000.0,2484368.4638445172
Filter+ES,1,2500,2014-12-06,2501,2014-12-13,2379000.0,2381647.6676831697
Filter+ES,1,2501,2014-12-13,2502,2014-12-20,2338000.0,2379852.294905152
Filter+ES,1,2502,2014-12-20,2503,2014-12-27,2422000.0,2339149.481372358
Filter+ES,1,2503,2014-12-27,2504,2015-01-03,2381000.0,2423007.1269506267
Filter+ES,1,2504,2015-01-03,2505,2015-01-10,2400000.0,2382147.306084495
Filter+ES,1,2505,2015-01-10,2506,2015-01-17,2336000.0,2401236.3792276587
Filter+ES,1,2506,2015-01-17,2507,2015-01-24,2335000.0,2337547.559880855
Filter+ES,1,2507,2015-01-24,2508,2015-01-31,2297000.0,2336657.7221992547
Filter+ES,1,2508,2015-01-31,2509,2015-02-07,2344000.0,2298906.6142892437
Filter+ES,1,2509,2015-02-07,2510,2015-02-14,2319000.0,2345892.942829027
Filter+ES,1,2510,2015-02-14,2511,2015-02-21,2341000.0,2321047.5488005336
Filter+ES,1,2511,2015-02-21,2512,2015-02-28,2357000.0,2343066.0258881133
Filter+ES,1,2512,2015-02-28,2513,2015-03-07,2361000.0,2359064.0302149807
Filter+ES,1,2513,2015-03-07,2514,2015-03-14,2361000.0,2363101.0694271363
Filter+ES,1,2514,2015-03-14,2515,2015-03-21,2306000.0,2363149.1074489183
Filter+ES,1,2515,2015-03-21,2516,2015-03-28,2278000.0,2308344.784630679
Filter+ES,1,2516,2015-03-28,2517,2015-04-04,2273000.0,2280582.4203111636
Filter+ES,1,2517,2015-04-04,2518,2015-04-11,2320000.0,2275725.1953549185
Filter+ES,1,2518,2015-04-11,2519,2015-04-18,2279000.0,2322672.4384020297
Filter+ES,1,2519,2015-04-18,2520,2015-04-25,2254000.0,2281800.3871416682
Filter+ES,1,2520,2015-04-25,2521,2015-05-02,2261000.0,2257008.4681101697
Filter+ES,1,2521,2015-05-02,2522,2015-05-09,2253000.0,2264108.3471741616
Filter+ES,1,2522,2015-05-09,2523,2015-05-16,2258000.0,2256179.569185006
Filter+ES,1,2523,2015-05-16,2524,2015-05-23,2236000.0,2261143.54834274
Filter+ES,1,2524,2015-05-23,2525,2015-05-30,2294000.0,2239285.387564714
Filter+ES,1,2525,2015-05-30,2526,2015-06-06,2250000.0,2297158.465906073
Filter+ES,1,2526,2015-06-06,2527,2015-06-13,2268000.0,2253294.1932494487
Filter+ES,1,2527,2015-06-13,2528,2015-06-20,2265000.0,2271214.671627705
Filter+ES,1,2528,2015-06-20,2529,2015-06-27,2312000.0,2268247.158249416
Filter+ES,1,2529,2015-06-27,2530,2015-07-04,2233000.0,2315113.0785497073
Filter+ES,1,2530,2015-07-04,2531,2015-07-11,2226000.0,2236332.507186929
Filter+ES,1,2531,2015-07-11,2532,2015-07-18,2267000.0,2229390.02123387
Filter+ES,1,2532,2015-07-18,2533,2015-07-25,2253000.0,2270373.87001186
Filter+ES,1,2533,2015-07-25,2534,2015-08-01,2257000.0,2256404.8674490885
Filter+ES,1,2534,2015-08-01,2535,2015-08-08,2247000.0,2260468.7157152635
Filter+MA,1,2475,2014-06-14,2476,2014-06-21,2583000.0,2594376.760727182
Filter+MA,1,2476,2014-06-21,2477,2014-06-28,2579000.0,2582541.8652418843
Filter+MA,1,2477,2014-06-28,2478,2014-07-05,2540000.0,2578511.7646338623
Filter+MA,1,2478,2014-07-05,2479,2014-07-12,2528000.0,2539635.853108655
Filter+MA,1,2479,2014-07-12,2480,2014-07-19,2542000.0,2527746.085115911
Filter+MA,1,2480,2014-07-19,2481,2014-07-26,2524000.0,2541814.0715727266
Filter+MA,1,2481,2014-07-26,2482,2014-08-02,2530000.0,2523714.910967655
Filter+MA,1,2482,2014-08-02,2483,2014-08-09,2508000.0,2529675.5516973343
Filter+MA,1,2483,2014-08-09,2484,2014-08-16,2517000.0,2507722.8870231514
Filter+MA,1,2484,2014-08-16,2485,2014-08-23,2483000.0,2516755.3852596716
Filter+MA,1,2485,2014-08-23,2486,2014-08-30,2486000.0,2482807.588849859
Filter+MA,1,2486,2014-08-30,2487,2014-09-06,2452000.0,2485879.6537640095
Filter+MA,1,2487,2014-09-06,2488,2014-09-13,2465000.0,2452057.6403467082
Filter+MA,1,2488,2014-09-13,2489,2014-09-20,2447000.0,2465113.45448334
Filter+MA,1,2489,2014-09-20,2490,2014-09-27,2427000.0,2447161.8438531044
Filter+MA,1,2490,2014-09-27,2491,2014-10-04,2441000.0,2427157.8247142597
Filter+MA,1,2491,2014-10-04,2492,2014-10-11,2409000.0,2441175.0088246716
Filter+MA,1,2492,2014-10-11,2493,2014-10-18,2437000.0,2409287.3045346574
Filter+MA,1,2493,2014-10-18,2494,2014-10-25,2406000.0,2437245.3933248
Filter+MA,1,2494,2014-10-25,2495,2014-11-01,2436000.0,2406429.7817415157
Filter+MA,1,2495,2014-11-01,2496,2014-11-08,2384000.0,2436385.7616141345
Filter+MA,1,2496,2014-11-08,2497,2014-11-15,2351000.0,2384641.5466786497
Filter+MA,1,2497,2014-11-15,2498,2014-11-22,2389000.0,2351812.817412665
Filter+MA,1,2498,2014-11-22,2499,2014-11-29,2484000.0,2389970.915293636
Filter+MA,1,2499,2014-11-29,2500,2014-12-06,2381000.0,2484624.3737682328
Filter+MA,1,2500,2014-12-06,2501,2014-12-13,2379000.0,2381624.443042274
Filter+MA,1,2501,2014-12-13,2502,2014-12-20,2338000.0,2379719.267590132
Filter+MA,1,2502,2014-12-20,2503,2014-12-27,2422000.0,2339260.7305050595
Filter+MA,1,2503,2014-12-27,2504,2015-01-03,2381000.0,2423017.5607827413
Filter+MA,1,2504,2015-01-03,2505,2015-01-10,2400000.0,2382043.2394669233
Filter+MA,1,2505,2015-01-10,2506,2015-01-17,2336000.0,2400900.2192677283
Filter+MA,1,2506,2015-01-17,2507,2015-01-24,2335000.0,2337318.2764927265
Filter+MA,1,2507,2015-01-24,2508,2015-01-31,2297000.0,2336399.1097582956
Filter+MA,1,2508,2015-01-31,2509,2015-02-07,2344000.0,2298627.0686433455
Filter+MA,1,2509,2015-02-07,2510,2015-02-14,2319000.0,2345475.100892816
Filter+MA,1,2510,2015-02-14,2511,2015-02-21,2341000.0,2320571.366506661
Filter+MA,1,2511,2015-02-21,2512,2015-02-28,2357000.0,2342452.664814512
Filter+MA,1,2512,2015-02-28,2513,2015-03-07,2361000.0,2358463.6598908063
Filter+MA,1,2513,2015-03-07,2514,2015-03-14,2361000.0,2362319.7420327757
Filter+MA,1,2514,2015-03-14,2515,2015-03-21,2306000.0,2362297.2570063462
Filter+MA,1,2515,2015-03-21,2516,2015-03-28,2278000.0,2307566.2352498225
Filter+MA,1,2516,2015-03-28,2517,2015-04-04,2273000.0,2279857.2915865867
Filter+MA,1,2517,2015-04-04,2518,2015-04-11,2320000.0,2275074.292313843
Filter+MA,1,2518,2015-04-11,2519,2015-04-18,2279000.0,2321872.9197273618
Filter+MA,1,2519,2015-04-18,2520,2015-04-25,2254000.0,2280865.421123492
Filter+MA,1,2520,2015-04-25,2521,2015-05-02,2261000.0,2255953.687037407
Filter+MA,1,2521,2015-05-02,2522,2015-05-09,2253000.0,2263152.206528938
Filter+MA,1,2522,2015-05-09,2523,2015-05-16,2258000.0,2255163.6753235273
Filter+MA,1,2523,2015-05-16,2524,2015-05-23,2236000.0,2260083.1506800344
Filter+MA,1,2524,2015-05-23,2525,2015-05-30,2294000.0,2238213.499537059
Filter+MA,1,2525,2015-05-30,2526,2015-06-06,2250000.0,2296102.971352165
Filter+MA,1,2526,2015-06-06,2527,2015-06-13,2268000.0,2252222.277844029
Filter+MA,1,2527,2015-06-13,2528,2015-06-20,2265000.0,2270039.9834115105
Filter+MA,1,2528,2015-06-20,2529,2015-06-27,2312000.0,2267161.2909690966
Filter+MA,1,2529,2015-06-27,2530,2015-07-04,2233000.0,2313898.605878207
Filter+MA,1,2530,2015-07-04,2531,2015-07-11,2226000.0,2235096.5031478093
Filter+MA,1,2531,2015-07-11,2532,2015-07-18,2267000.0,2228177.3053022823
Filter+MA,1,2532,2015-07-18,2533,2015-07-25,2253000.0,2269314.45794869
Filter+MA,1,2533,2015-07-25,2534,2015-08-01,2257000.0,2255186.5158460853
Filter+MA,1,2534,2015-08-01,2535,2015-08-08,2247000.0,2259175.008888551
Raw,1,2475,2014-06-14,2476,2014-06-21,2583000.0,2597172.747734062
Raw,1,2476,2014-06-21,2477,2014-06-28,2579000.0,2583825.8023546874
Raw,1,2477,2014-06-28,2478,2014-07-05,2540000.0,2579474.406253797
Raw,1,2478,2014-07-05,2479,2014-07-12,2528000.0,2540027.7720348733
Raw,1,2479,2014-07-12,2480,2014-07-19,2542000.0,2527492.0389542794
Raw,1,2480,2014-07-19,2481,2014-07-26,2524000.0,2541024.8622857877
Raw,1,2481,2014-07-26,2482,2014-08-02,2530000.0,2522534.7994651296
Raw,1,2482,2014-08-02,2483,2014-08-09,2508000.0,2528718.8601782965
Raw,1,2483,2014-08-09,2484,2014-08-16,2517000.0,2506247.609200616
Raw,1,2484,2014-08-16,2485,2014-08-23,2483000.0,2515693.628664274
Raw,1,2485,2014-08-23,2486,2014-08-30,2486000.0,2481106.244526566
Raw,1,2486,2014-08-30,2487,2014-09-06,2452000.0,2484764.8722454784
Raw,1,2487,2014-09-06,2488,2014-09-13,2465000.0,2450115.0892038746
Raw,1,2488,2014-09-13,2489,2014-09-20,2447000.0,2463607.741297385
Raw,1,2489,2014-09-20,2490,2014-09-27,2427000.0,2445070.414499025
Raw,1,2490,2014-09-27,2491,2014-10-04,2441000.0,2425803.9477826
Raw,1,2491,2014-10-04,2492,2014-10-11,2409000.0,2438937.327035885
Raw,1,2492,2014-10-11,2493,2014-10-18,2437000.0,2407441.1276870985
Raw,1,2493,2014-10-18,2494,2014-10-25,2406000.0,2435007.1967510707
Raw,1,2494,2014-10-25,2495,2014-11-01,2436000.0,2404115.7943887273
Raw,1,2495,2014-11-01,2496,2014-11-08,2384000.0,2434190.8177607413
Raw,1,2496,2014-11-08,2497,2014-11-15,2351000.0,2382417.5944241267
Raw,1,2497,2014-11-15,2498,2014-11-22,2389000.0,2349786.6151685542
Raw,1,2498,2014-11-22,2499,2014-11-29,2484000.0,2387484.0427483344
Raw,1,2499,2014-11-29,2500,2014-12-06,2381000.0,2482111.262953828
Raw,1,2500,2014-12-06,2501,2014-12-13,2379000.0,2380148.9549087267
Raw,1,2501,2014-12-13,2502,2014-12-20,2338000.0,2378586.560272651
Raw,1,2502,2014-12-20,2503,2014-12-27,2422000.0,2337330.47114902
Raw,1,2503,2014-12-27,2504,2015-01-03,2381000.0,2421112.7382739605
Raw,1,2504,2015-01-03,2505,2015-01-10,2400000.0,2380044.072350799
Raw,1,2505,2015-01-10,2506,2015-01-17,2336000.0,2399446.0824722564
Raw,1,2506,2015-01-17,2507,2015-01-24,2335000.0,2335492.5234577544
Raw,1,2507,2015-01-24,2508,2015-01-31,2297000.0,2334699.966441372
Raw,1,2508,2015-01-31,2509,2015-02-07,2344000.0,2296414.647820419
Raw,1,2509,2015-02-07,2510,2015-02-14,2319000.0,2343431.232938521
Raw,1,2510,2015-02-14,2511,2015-02-21,2341000.0,2318486.572527229
Raw,1,2511,2015-02-21,2512,2015-02-28,2357000.0,2341386.606591514
Raw,1,2512,2015-02-28,2513,2015-03-07,2361000.0,2356904.924685421
Raw,1,2513,2015-03-07,2514,2015-03-14,2361000.0,2361597.5016623917
Raw,1,2514,2015-03-14,2515,2015-03-21,2306000.0,2361754.266743991
Raw,1,2515,2015-03-21,2516,2015-03-28,2278000.0,2307837.814795775
Raw,1,2516,2015-03-28,2517,2015-04-04,2273000.0,2279756.31201941
Raw,1,2517,2015-04-04,2518,2015-04-11,2320000.0,2274659.641131683
Raw,1,2518,2015-04-11,2519,2015-04-18,2279000.0,2321291.244268442
Raw,1,2519,2015-04-18,2520,2015-04-25,2254000.0,2280809.4970609862
Raw,1,2520,2015-04-25,2521,2015-05-02,2261000.0,2256376.347045419
Raw,1,2521,2015-05-02,2522,2015-05-09,2253000.0,2263717.14546242
Raw,1,2522,2015-05-09,2523,2015-05-16,2258000.0,2255664.332094743
Raw,1,2523,2015-05-16,2524,2015-05-23,2236000.0,2259601.971114445
Raw,1,2524,2015-05-23,2525,2015-05-30,2294000.0,2238650.221760659
Raw,1,2525,2015-05-30,2526,2015-06-06,2250000.0,2295982.100594373
Raw,1,2526,2015-06-06,2527,2015-06-13,2268000.0,2253114.021008522
Raw,1,2527,2015-06-13,2528,2015-06-20,2265000.0,2270100.3269089684
Raw,1,2528,2015-06-20,2529,2015-06-27,2312000.0,2267921.2699290845
Raw,1,2529,2015-06-27,2530,2015-07-04,2233000.0,2314824.3783599795
Raw,1,2530,2015-07-04,2531,2015-07-11,2226000.0,2236923.737485786
Raw,1,2531,2015-07-11,2532,2015-07-18,2267000.0,2228903.8833891386
Raw,1,2532,2015-07-18,2533,2015-07-25,2253000.0,2270473.0231502685
Raw,1,2533,2015-07-25,2534,2015-08-01,2257000.0,2256087.591509879
Raw,1,2534,2015-08-01,2535,2015-08-08,2247000.0,2261125.9961162936
STL+TCN,1,2475,2014-06-14,2476,2014-06-21,2583000.0,2604567.647001447
STL+TCN,1,2476,2014-06-21,2477,2014-06-28,2579000.0,2577208.6738774427
STL+TCN,1,2477,2014-06-28,2478,2014-07-05,2540000.0,2573125.823495809
STL+TCN,1,2478,2014-07-05,2479,2014-07-12,2528000.0,2535532.987241142
STL+TCN,1,2479,2014-07-12,2480,2014-07-19,2542000.0,2518410.0030891984
STL+TCN,1,2480,2014-07-19,2481,2014-07-26,2524000.0,2539980.4044754608
STL+TCN,1,2481,2014-07-26,2482,2014-08-02,2530000.0,2515929.7089225594
STL+TCN,1,2482,2014-08-02,2483,2014-08-09,2508000.0,2523113.81512892
STL+TCN,1,2483,2014-08-09,2484,2014-08-16,2517000.0,2507073.4287190423
STL+TCN,1,2484,2014-08-16,2485,2014-08-23,2483000.0,2511105.786793033
STL+TCN,1,2485,2014-08-23,2486,2014-08-30,2486000.0,2486391.362771879
STL+TCN,1,2486,2014-08-30,2487,2014-09-06,2452000.0,2470095.052845753
STL+TCN,1,2487,2014-09-06,2488,2014-09-13,2465000.0,2455427.8158705025
STL+TCN,1,2488,2014-09-13,2489,2014-09-20,2447000.0,2459552.7642631624
STL+TCN,1,2489,2014-09-20,2490,2014-09-27,2427000.0,2441300.951935853
STL+TCN,1,2490,2014-09-27,2491,2014-10-04,2441000.0,2423161.245114397
STL+TCN,1,2491,2014-10-04,2492,2014-10-11,2409000.0,2431500.0807081894
STL+TCN,1,2492,2014-10-11,2493,2014-10-18,2437000.0,2408885.7203650074
STL+TCN,1,2493,2014-10-18,2494,2014-10-25,2406000.0,2430483.3006270337
STL+TCN,1,2494,2014-10-25,2495,2014-11-01,2436000.0,2401493.456205192
STL+TCN,1,2495,2014-11-01,2496,2014-11-08,2384000.0,2436856.5076164408
STL+TCN,1,2496,2014-11-08,2497,2014-11-15,2351000.0,2380628.7028775155
STL+TCN,1,2497,2014-11-15,2498,2014-11-22,2389000.0,2357117.5824988503
STL+TCN,1,2498,2014-11-22,2499,2014-11-29,2484000.0,2375093.5603689444
STL+TCN,1,2499,2014-11-29,2500,2014-12-06,2381000.0,2488547.9485221133
STL+TCN,1,2500,2014-12-06,2501,2014-12-13,2379000.0,2377364.5045757038
STL+TCN,1,2501,2014-12-13,2502,2014-12-20,2338000.0,2374980.2837906247
STL+TCN,1,2502,2014-12-20,2503,2014-12-27,2422000.0,2335795.311520421
STL+TCN,1,2503,2014-12-27,2504,2015-01-03,2381000.0,2413867.3662807215
STL+TCN,1,2504,2015-01-03,2505,2015-01-10,2400000.0,2381613.5157709597
STL+TCN,1,2505,2015-01-10,2506,2015-01-17,2336000.0,2394394.6608266737
STL+TCN,1,2506,2015-01-17,2507,2015-01-24,2335000.0,2332285.0988784786
STL+TCN,1,2507,2015-01-24,2508,2015-01-31,2297000.0,2337471.038845649
STL+TCN,1,2508,2015-01-31,2509,2015-02-07,2344000.0,2294512.0534123657
STL+TCN,1,2509,2015-02-07,2510,2015-02-14,2319000.0,2350541.5079694167
STL+TCN,1,2510,2015-02-14,2511,2015-02-21,2341000.0,2306290.83183499
STL+TCN,1,2511,2015-02-21,2512,2015-02-28,2357000.0,2348140.3063533595
STL+TCN,1,2512,2015-02-28,2513,2015-03-07,2361000.0,2354372.8455746076
STL+TCN,1,2513,2015-03-07,2514,2015-03-14,2361000.0,2358679.705503365
STL+TCN,1,2514,2015-03-14,2515,2015-03-21,2306000.0,2359824.462596101
STL+TCN,1,2515,2015-03-21,2516,2015-03-28,2278000.0,2300569.412309744
STL+TCN,1,2516,2015-03-28,2517,2015-04-04,2273000.0,2281114.194341389
STL+TCN,1,2517,2015-04-04,2518,2015-04-11,2320000.0,2270307.8215355
STL+TCN,1,2518,2015-04-11,2519,2015-04-18,2279000.0,2318183.890330977
STL+TCN,1,2519,2015-04-18,2520,2015-04-25,2254000.0,2283428.4167614314
STL+TCN,1,2520,2015-04-25,2521,2015-05-02,2261000.0,2254148.773602109
STL+TCN,1,2521,2015-05-02,2522,2015-05-09,2253000.0,2270478.1884591146
STL+TCN,1,2522,2015-05-09,2523,2015-05-16,2258000.0,2243030.942858058
STL+TCN,1,2523,2015-05-16,2524,2015-05-23,2236000.0,2266046.2523449436
STL+TCN,1,2524,2015-05-23,2525,2015-05-30,2294000.0,2235765.4341223286
STL+TCN,1,2525,2015-05-30,2526,2015-06-06,2250000.0,2292573.9243220347
STL+TCN,1,2526,2015-06-06,2527,2015-06-13,2268000.0,2251212.134415425
STL+TCN,1,2527,2015-06-13,2528,2015-06-20,2265000.0,2262750.8008466
STL+TCN,1,2528,2015-06-20,2529,2015-06-27,2312000.0,2268965.1844311655
STL+TCN,1,2529,2015-06-27,2530,2015-07-04,2233000.0,2309644.85707032
STL+TCN,1,2530,2015-07-04,2531,2015-07-11,2226000.0,2233215.5513199517
STL+TCN,1,2531,2015-07-11,2532,2015-07-18,2267000.0,2230921.6236412413
STL+TCN,1,2532,2015-07-18,2533,2015-07-25,2253000.0,2267535.566636317
STL+TCN,1,2533,2015-07-25,2534,2015-08-01,2257000.0,2262651.092974415
STL+TCN,1,2534,2015-08-01,2535,2015-08-08,2247000.0,2247621.3524095924
Smooth-ES,1,2475,2014-06-14,2476,2014-06-21,2583000.0,2596217.7805993957
Smooth-ES,1,2476,2014-06-21,2477,2014-06-28,2579000.0,2583663.4978386643
Smooth-ES,1,2477,2014-06-28,2478,2014-07-05,2540000.0,2579106.8979234705
Smooth-ES,1,2478,2014-07-05,2479,2014-07-12,2528000.0,2539660.64118585
Smooth-ES,1,2479,2014-07-12,2480,2014-07-19,2542000.0,2527022.865368211
Smooth-ES,1,2480,2014-07-19,2481,2014-07-26,2524000.0,2540531.8551109633
Smooth-ES,1,2481,2014-07-26,2482,2014-08-02,2530000.0,2522094.78236901
Smooth-ES,1,2482,2014-08-02,2483,2014-08-09,2508000.0,2527877.7049010494
Smooth-ES,1,2483,2014-08-09,2484,2014-08-16,2517000.0,2505592.032858041
Smooth-ES,1,2484,2014-08-16,2485,2014-08-23,2483000.0,2514545.479872596
Smooth-ES,1,2485,2014-08-23,2486,2014-08-30,2486000.0,2480395.8744913223
Smooth-ES,1,2486,2014-08-30,2487,2014-09-06,2452000.0,2483512.00765135
Smooth-ES,1,2487,2014-09-06,2488,2014-09-13,2465000.0,2449329.9090113314
Smooth-ES,1,2488,2014-09-13,2489,2014-09-20,2447000.0,2462434.958324736
Smooth-ES,1,2489,2014-09-20,2490,2014-09-27,2427000.0,2444425.9999882216
Smooth-ES,1,2490,2014-09-27,2491,2014-10-04,2441000.0,2424662.911402381
Smooth-ES,1,2491,2014-10-04,2492,2014-10-11,2409000.0,2438577.2198279924
Smooth-ES,1,2492,2014-10-11,2493,2014-10-18,2437000.0,2406638.253162162
Smooth-ES,1,2493,2014-10-18,2494,2014-10-25,2406000.0,2434737.6900337697
Smooth-ES,1,2494,2014-10-25,2495,2014-11-01,2436000.0,2403864.9493515114
Smooth-ES,1,2495,2014-11-01,2496,2014-11-08,2384000.0,2434161.8661892144
Smooth-ES,1,2496,2014-11-08,2497,2014-11-15,2351000.0,2382295.7135927365
Smooth-ES,1,2497,2014-11-15,2498,2014-11-22,2389000.0,2349360.370747419
Smooth-ES,1,2498,2014-11-22,2499,2014-11-29,2484000.0,2387513.3867344907
Smooth-ES,1,2499,2014-11-29,2500,2014-12-06,2381000.0,2482909.076740411
Smooth-ES,1,2500,2014-12-06,2501,2014-12-13,2379000.0,2380255.145791963
Smooth-ES,1,2501,2014-12-13,2502,2014-12-20,2338000.0,2378541.2094199713
Smooth-ES,1,2502,2014-12-20,2503,2014-12-27,2422000.0,2337623.6430403413
Smooth-ES,1,2503,2014-12-27,2504,2015-01-03,2381000.0,2421927.545356231
Smooth-ES,1,2504,2015-01-03,2505,2015-01-10,2400000.0,2381081.63156502
Smooth-ES,1,2505,2015-01-10,2506,2015-01-17,2336000.0,2400306.7614143672
Smooth-ES,1,2506,2015-01-17,2507,2015-01-24,2335000.0,2336289.3184596333
Smooth-ES,1,2507,2015-01-24,2508,2015-01-31,2297000.0,2335266.1062631765
Smooth-ES,1,2508,2015-01-31,2509,2015-02-07,2344000.0,2297027.6193830934
Smooth-ES,1,2509,2015-02-07,2510,2015-02-14,2319000.0,2344004.0579127274
Smooth-ES,1,2510,2015-02-14,2511,2015-02-21,2341000.0,2319069.41195597
Smooth-ES,1,2511,2015-02-21,2512,2015-02-28,2357000.0,2341412.334223821
Smooth-ES,1,2512,2015-02-28,2513,2015-03-07,2361000.0,2357675.4362034025
Smooth-ES,1,2513,2015-03-07,2514,2015-03-14,2361000.0,2362119.5773864654
Smooth-ES,1,2514,2015-03-14,2515,2015-03-21,2306000.0,2362691.588494389
Smooth-ES,1,2515,2015-03-21,2516,2015-03-28,2278000.0,2308095.5980223105
Smooth-ES,1,2516,2015-03-28,2517,2015-04-04,2273000.0,2280355.356181247
Smooth-ES,1,2517,2015-04-04,2518,2015-04-11,2320000.0,2275374.759964686
Smooth-ES,1,2518,2015-04-11,2519,2015-04-18,2279000.0,2322510.1820045025
Smooth-ES,1,2519,2015-04-18,2520,2015-04-25,2254000.0,2281558.8140408187
Smooth-ES,1,2520,2015-04-25,2521,2015-05-02,2261000.0,2256738.6701930063
Smooth-ES,1,2521,2015-05-02,2522,2015-05-09,2253000.0,2263975.1933406824
Smooth-ES,1,2522,2015-05-09,2523,2015-05-16,2258000.0,2256113.440268055
Smooth-ES,1,2523,2015-05-16,2524,2015-05-23,2236000.0,2260866.8039399646
Smooth-ES,1,2524,2015-05-23,2525,2015-05-30,2294000.0,2239041.12978365
Smooth-ES,1,2525,2015-05-30,2526,2015-06-06,2250000.0,2297171.7847738634
Smooth-ES,1,2526,2015-06-06,2527,2015-06-13,2268000.0,2253528.7551536057
Smooth-ES,1,2527,2015-06-13,2528,2015-06-20,2265000.0,2271473.9150016997
Smooth-ES,1,2528,2015-06-20,2529,2015-06-27,2312000.0,2268746.031732584
Smooth-ES,1,2529,2015-06-27,2530,2015-07-04,2233000.0,2316072.290067556
Smooth-ES,1,2530,2015-07-04,2531,2015-07-11,2226000.0,2237374.09591036
Smooth-ES,1,2531,2015-07-11,2532,2015-07-18,2267000.0,2230279.6110956753
Smooth-ES,1,2532,2015-07-18,2533,2015-07-25,2253000.0,2271533.4228870473
Smooth-ES,1,2533,2015-07-25,2534,2015-08-01,2257000.0,2257600.5315961284
Smooth-ES,1,2534,2015-08-01,2535,2015-08-08,2247000.0,2261951.259015853
Smooth-MA,1,2475,2014-06-14,2476,2014-06-21,2583000.0,2594661.087941195
Smooth-MA,1,2476,2014-06-21,2477,2014-06-28,2579000.0,2581965.8246247508
Smooth-MA,1,2477,2014-06-28,2478,2014-07-05,2540000.0,2577331.9206867665
Smooth-MA,1,2478,2014-07-05,2479,2014-07-12,2528000.0,2537633.8930457006
Smooth-MA,1,2479,2014-07-12,2480,2014-07-19,2542000.0,2525261.457547328
Smooth-MA,1,2480,2014-07-19,2481,2014-07-26,2524000.0,2539018.446699009
Smooth-MA,1,2481,2014-07-26,2482,2014-08-02,2530000.0,2520625.7267657616
Smooth-MA,1,2482,2014-08-02,2483,2014-08-09,2508000.0,2526602.4896804276
Smooth-MA,1,2483,2014-08-09,2484,2014-08-16,2517000.0,2504476.89293968
Smooth-MA,1,2484,2014-08-16,2485,2014-08-23,2483000.0,2513775.505539546
Smooth-MA,1,2485,2014-08-23,2486,2014-08-30,2486000.0,2479645.9863117593
Smooth-MA,1,2486,2014-08-30,2487,2014-09-06,2452000.0,2482888.8544638497
Smooth-MA,1,2487,2014-09-06,2488,2014-09-13,2465000.0,2448620.4096719734
Smooth-MA,1,2488,2014-09-13,2489,2014-09-20,2447000.0,2461811.0203079763
Smooth-MA,1,2489,2014-09-20,2490,2014-09-27,2427000.0,2443573.122464652
Smooth-MA,1,2490,2014-09-27,2491,2014-10-04,2441000.0,2423816.017164878
Smooth-MA,1,2491,2014-10-04,2492,2014-10-11,2409000.0,2437422.1506840237
Smooth-MA,1,2492,2014-10-11,2493,2014-10-18,2437000.0,2405482.9799294006
Smooth-MA,1,2493,2014-10-18,2494,2014-10-25,2406000.0,2433272.1147251753
Smooth-MA,1,2494,2014-10-25,2495,2014-11-01,2436000.0,2402461.728976463
Smooth-MA,1,2495,2014-11-01,2496,2014-11-08,2384000.0,2432480.4031009865
Smooth-MA,1,2496,2014-11-08,2497,2014-11-15,2351000.0,2380695.5558291147
Smooth-MA,1,2497,2014-11-15,2498,2014-11-22,2389000.0,2347751.0032696235
Smooth-MA,1,2498,2014-11-22,2499,2014-11-29,2484000.0,2385924.044017619
Smooth-MA,1,2499,2014-11-29,2500,2014-12-06,2381000.0,2481097.676291261
Smooth-MA,1,2500,2014-12-06,2501,2014-12-13,2379000.0,2378581.273811265
Smooth-MA,1,2501,2014-12-13,2502,2014-12-20,2338000.0,2376956.2761825006
Smooth-MA,1,2502,2014-12-20,2503,2014-12-27,2422000.0,2336163.7797290524
Smooth-MA,1,2503,2014-12-27,2504,2015-01-03,2381000.0,2420406.2994368626
Smooth-MA,1,2504,2015-01-03,2505,2015-01-10,2400000.0,2379488.041976077
Smooth-MA,1,2505,2015-01-10,2506,2015-01-17,2336000.0,2398673.4317552834
Smooth-MA,1,2506,2015-01-17,2507,2015-01-24,2335000.0,2334798.8393405653
Smooth-MA,1,2507,2015-01-24,2508,2015-01-31,2297000.0,2334093.885364336
Smooth-MA,1,2508,2015-01-31,2509,2015-02-07,2344000.0,2296149.1469678953
Smooth-MA,1,2509,2015-02-07,2510,2015-02-14,2319000.0,2343215.397010715
Smooth-MA,1,2510,2015-02-14,2511,2015-02-21,2341000.0,2318397.2484212206
Smooth-MA,1,2511,2015-02-21,2512,2015-02-28,2357000.0,2340979.814072313
Smooth-MA,1,2512,2015-02-28,2513,2015-03-07,2361000.0,2357413.7810972123
Smooth-MA,1,2513,2015-03-07,2514,2015-03-14,2361000.0,2361883.281142386
Smooth-MA,1,2514,2015-03-14,2515,2015-03-21,2306000.0,2362150.963090177
Smooth-MA,1,2515,2015-03-21,2516,2015-03-28,2278000.0,2307497.2748082816
Smooth-MA,1,2516,2015-03-28,2517,2015-04-04,2273000.0,2279580.305761703
Smooth-MA,1,2517,2015-04-04,2518,2015-04-11,2320000.0,2274477.820002645
Smooth-MA,1,2518,2015-04-11,2519,2015-04-18,2279000.0,2321443.9819149044
Smooth-MA,1,2519,2015-04-18,2520,2015-04-25,2254000.0,2280426.5364712826
Smooth-MA,1,2520,2015-04-25,2521,2015-05-02,2261000.0,2255698.26908383
Smooth-MA,1,2521,2015-05-02,2522,2015-05-09,2253000.0,2263058.2518473365
Smooth-MA,1,2522,2015-05-09,2523,2015-05-16,2258000.0,2255404.1889878395
Smooth-MA,1,2523,2015-05-16,2524,2015-05-23,2236000.0,2260154.505431557
Smooth-MA,1,2524,2015-05-23,2525,2015-05-30,2294000.0,2238124.3732976243
Smooth-MA,1,2525,2015-05-30,2526,2015-06-06,2250000.0,2296071.497707754
Smooth-MA,1,2526,2015-06-06,2527,2015-06-13,2268000.0,2252797.2764468393
Smooth-MA,1,2527,2015-06-13,2528,2015-06-20,2265000.0,2270643.732815572
Smooth-MA,1,2528,2015-06-20,2529,2015-06-27,2312000.0,2267887.7367300894
Smooth-MA,1,2529,2015-06-27,2530,2015-07-04,2233000.0,2314876.8884981703
Smooth-MA,1,2530,2015-07-04,2531,2015-07-11,2226000.0,2236481.673279521
Smooth-MA,1,2531,2015-07-11,2532,2015-07-18,2267000.0,2229304.6138074957
Smooth-MA,1,2532,2015-07-18,2533,2015-07-25,2253000.0,2270410.624661187
Smooth-MA,1,2533,2015-07-25,2534,2015-08-01,2257000.0,2256246.8135384675
Smooth-MA,1,2534,2015-08-01,2535,2015-08-08,2247000.0,2260914.340690219
arima,1,2475,2014-06-14,2476,2014-06-21,2583000.0,2592577.7704179953
arima,1,2476,2014-06-21,2477,2014-06-28,2579000.0,2585968.963689259
arima,1,2477,2014-06-28,2478,2014-07-05,2540000.0,2578300.0432442767
arima,1,2478,2014-07-05,2479,2014-07-12,2528000.0,2546437.793487634
arima,1,2479,2014-07-12,2480,2014-07-19,2542000.0,2526999.7418665113
arima,1,2480,2014-07-19,2481,2014-07-26,2524000.0,2540249.451499495
arima,1,2481,2014-07-26,2482,2014-08-02,2530000.0,2527610.540411402
arima,1,2482,2014-08-02,2483,2014-08-09,2508000.0,2527442.128535267
arima,1,2483,2014-08-09,2484,2014-08-16,2517000.0,2512599.798137459
arima,1,2484,2014-08-16,2485,2014-08-23,2483000.0,2513527.867955696
arima,1,2485,2014-08-23,2486,2014-08-30,2486000.0,2489895.586980652
arima,1,2486,2014-08-30,2487,2014-09-06,2452000.0,2482441.159553442
arima,1,2487,2014-09-06,2488,2014-09-13,2465000.0,2458936.065210393
arima,1,2488,2014-09-13,2489,2014-09-20,2447000.0,2459848.2025808604
arima,1,2489,2014-09-20,2490,2014-09-27,2427000.0,2452138.472591021
arima,1,2490,2014-09-27,2491,2014-10-04,2441000.0,2427838.733089569
arima,1,2491,2014-10-04,2492,2014-10-11,2409000.0,2438423.5336935055
arima,1,2492,2014-10-11,2493,2014-10-18,2437000.0,2415183.837186268
arima,1,2493,2014-10-18,2494,2014-10-25,2406000.0,2429829.81248414
arima,1,2494,2014-10-25,2495,2014-11-01,2436000.0,2414085.2616231814
arima,1,2495,2014-11-01,2496,2014-11-08,2384000.0,2427659.557647256
arima,1,2496,2014-11-08,2497,2014-11-15,2351000.0,2395929.2552449135
arima,1,2497,2014-11-15,2498,2014-11-22,2389000.0,2350861.61835955
arima,1,2498,2014-11-22,2499,2014-11-29,2484000.0,2383058.8277956303
arima,1,2499,2014-11-29,2500,2014-12-06,2381000.0,2471749.7669983376
arima,1,2500,2014-12-06,2501,2014-12-13,2379000.0,2402747.0059713507
arima,1,2501,2014-12-13,2502,2014-12-20,2338000.0,2369618.592668561
arima,1,2502,2014-12-20,2503,2014-12-27,2422000.0,2348671.635238673
arima,1,2503,2014-12-27,2504,2015-01-03,2381000.0,2403954.3919381676
arima,1,2504,2015-01-03,2505,2015-01-10,2400000.0,2395601.124557168
arima,1,2505,2015-01-10,2506,2015-01-17,2336000.0,2390420.510382232
arima,1,2506,2015-01-17,2507,2015-01-24,2335000.0,2350441.2049329374
arima,1,2507,2015-01-24,2508,2015-01-31,2297000.0,2328614.401166502
arima,1,2508,2015-01-31,2509,2015-02-07,2344000.0,2305889.9800142264
arima,1,2509,2015-02-07,2510,2015-02-14,2319000.0,2332555.3901584377
arima,1,2510,2015-02-14,2511,2015-02-21,2341000.0,2328152.491101817
arima,1,2511,2015-02-21,2512,2015-02-28,2357000.0,2333361.022653002
arima,1,2512,2015-02-28,2513,2015-03-07,2361000.0,2357963.92375132
arima,1,2513,2015-03-07,2514,2015-03-14,2361000.0,2359931.070864731
arima,1,2514,2015-03-14,2515,2015-03-21,2306000.0,2361487.4348927923
arima,1,2515,2015-03-21,2516,2015-03-28,2278000.0,2314425.2072264496
arima,1,2516,2015-03-28,2517,2015-04-04,2273000.0,2278555.978342648
arima,1,2517,2015-04-04,2518,2015-04-11,2320000.0,2273531.03139566
arima,1,2518,2015-04-11,2519,2015-04-18,2279000.0,2312384.6251656543
arima,1,2519,2015-04-18,2520,2015-04-25,2254000.0,2288917.741051588
arima,1,2520,2015-04-25,2521,2015-05-02,2261000.0,2253399.2693280885
arima,1,2521,2015-05-02,2522,2015-05-09,2253000.0,2260173.8973108674
arima,1,2522,2015-05-09,2523,2015-05-16,2258000.0,2254632.8437846713
arima,1,2523,2015-05-16,2524,2015-05-23,2236000.0,2256470.588833736
arima,1,2524,2015-05-23,2525,2015-05-30,2294000.0,2240150.8622072823
arima,1,2525,2015-05-30,2526,2015-06-06,2250000.0,2282994.6151943784
arima,1,2526,2015-06-06,2527,2015-06-13,2268000.0,2261938.019781777
arima,1,2527,2015-06-13,2528,2015-06-20,2265000.0,2259732.4009353695
arima,1,2528,2015-06-20,2529,2015-06-27,2312000.0,2269232.975022558
arima,1,2529,2015-06-27,2530,2015-07-04,2233000.0,2302668.563943117
arima,1,2530,2015-07-04,2531,2015-07-11,2226000.0,2249709.118570253
arima,1,2531,2015-07-11,2532,2015-07-18,2267000.0,2219470.031071024
arima,1,2532,2015-07-18,2533,2015-07-25,2253000.0,2263494.736961051
arima,1,2533,2015-07-25,2534,2015-08-01,2257000.0,2256803.6841068184
arima,1,2534,2015-08-01,2535,2015-08-08,2247000.0,2254641.849021653
ets,1,2475,2014-06-14,2476,2014-06-21,2583000.0,2573794.213687508
ets,1,2476,2014-06-21,2477,2014-06-28,2579000.0,2564073.0948445043
ets,1,2477,2014-06-28,2478,2014-07-05,2540000.0,2557824.016145051
ets,1,2478,2014-07-05,2479,2014-07-12,2528000.0,2531490.6796429907
ets,1,2479,2014-07-12,2480,2014-07-19,2542000.0,2509263.97638541
ets,1,2480,2014-07-19,2481,2014-07-26,2524000.0,2516657.725284095
ets,1,2481,2014-07-26,2482,2014-08-02,2530000.0,2509577.7434459743
ets,1,2482,2014-08-02,2483,2014-08-09,2508000.0,2513647.4671071693
ets,1,2483,2014-08-09,2484,2014-08-16,2517000.0,2511012.359519225
ets,1,2484,2014-08-16,2485,2014-08-23,2483000.0,2504474.4096986754
ets,1,2485,2014-08-23,2486,2014-08-30,2486000.0,2491678.039176709
ets,1,2486,2014-08-30,2487,2014-09-06,2452000.0,2468969.932884719
ets,1,2487,2014-09-06,2488,2014-09-13,2465000.0,2445608.248882379
ets,1,2488,2014-09-13,2489,2014-09-20,2447000.0,2447178.3701740457
ets,1,2489,2014-09-20,2490,2014-09-27,2427000.0,2431865.8833810957
ets,1,2490,2014-09-27,2491,2014-10-04,2441000.0,2419502.1230283473
ets,1,2491,2014-10-04,2492,2014-10-11,2409000.0,2420654.1000144314
ets,1,2492,2014-10-11,2493,2014-10-18,2437000.0,2403367.233520469
ets,1,2493,2014-10-18,2494,2014-10-25,2406000.0,2417950.9081865777
ets,1,2494,2014-10-25,2495,2014-11-01,2436000.0,2402828.563301588
ets,1,2495,2014-11-01,2496,2014-11-08,2384000.0,2430187.66105874
ets,1,2496,2014-11-08,2497,2014-11-15,2351000.0,2391111.910742081
ets,1,2497,2014-11-15,2498,2014-11-22,2389000.0,2358168.659713343
ets,1,2498,2014-11-22,2499,2014-11-29,2484000.0,2360260.546120092
ets,1,2499,2014-11-29,2500,2014-12-06,2381000.0,2441916.4281334323
ets,1,2500,2014-12-06,2501,2014-12-13,2379000.0,2401735.042583128
ets,1,2501,2014-12-13,2502,2014-12-20,2338000.0,2382340.522133373
ets,1,2502,2014-12-20,2503,2014-12-27,2422000.0,2346164.6150882975
ets,1,2503,2014-12-27,2504,2015-01-03,2381000.0,2386029.1023440757
ets,1,2504,2015-01-03,2505,2015-01-10,2400000.0,2381099.174796899
ets,1,2505,2015-01-10,2506,2015-01-17,2336000.0,2393628.7816550992
ets,1,2506,2015-01-17,2507,2015-01-24,2335000.0,2351703.227025445
ets,1,2507,2015-01-24,2508,2015-01-31,2297000.0,2342366.484266441
ets,1,2508,2015-01-31,2509,2015-02-07,2344000.0,2297795.161233266
ets,1,2509,2015-02-07,2510,2015-02-14,2319000.0,2322232.2736783405
ets,1,2510,2015-02-14,2511,2015-02-21,2341000.0,2305909.487321581
ets,1,2511,2015-02-21,2512,2015-02-28,2357000.0,2321588.1209943313
ets,1,2512,2015-02-28,2513,2015-03-07,2361000.0,2340130.306828177
ets,1,2513,2015-03-07,2514,2015-03-14,2361000.0,2352132.512707444
ets,1,2514,2015-03-14,2515,2015-03-21,2306000.0,2360143.3827951457
ets,1,2515,2015-03-21,2516,2015-03-28,2278000.0,2320789.7356383842
ets,1,2516,2015-03-28,2517,2015-04-04,2273000.0,2285790.390399705
ets,1,2517,2015-04-04,2518,2015-04-11,2320000.0,2265404.692323533
ets,1,2518,2015-04-11,2519,2015-04-18,2279000.0,2289772.9310194715
ets,1,2519,2015-04-18,2520,2015-04-25,2254000.0,2285383.712833491
ets,1,2520,2015-04-25,2521,2015-05-02,2261000.0,2252101.437343357
ets,1,2521,2015-05-02,2522,2015-05-09,2253000.0,2253874.295628494
ets,1,2522,2015-05-09,2523,2015-05-16,2258000.0,2234861.176619875
ets,1,2523,2015-05-16,2524,2015-05-23,2236000.0,2247698.321803202
ets,1,2524,2015-05-23,2525,2015-05-30,2294000.0,2231240.8792074732
ets,1,2525,2015-05-30,2526,2015-06-06,2250000.0,2267142.2320629572
ets,1,2526,2015-06-06,2527,2015-06-13,2268000.0,2256469.70051096
ets,1,2527,2015-06-13,2528,2015-06-20,2265000.0,2259297.062530287
ets,1,2528,2015-06-20,2529,2015-06-27,2312000.0,2263854.3819060065
ets,1,2529,2015-06-27,2530,2015-07-04,2233000.0,2300958.7825950254
ets,1,2530,2015-07-04,2531,2015-07-11,2226000.0,2258222.6558859325
ets,1,2531,2015-07-11,2532,2015-07-18,2267000.0,2238769.0124414903
ets,1,2532,2015-07-18,2533,2015-07-25,2253000.0,2250162.1922253193
ets,1,2533,2015-07-25,2534,2015-08-01,2257000.0,2257179.30811632
ets,1,2534,2015-08-01,2535,2015-08-08,2247000.0,2249835.585182557
naive,1,2475,2014-06-14,2476,2014-06-21,2583000.0,2595000.0
naive,1,2476,2014-06-21,2477,2014-06-28,2579000.0,2583000.0
naive,1,2477,2014-06-28,2478,2014-07-05,2540000.0,2579000.0
naive,1,2478,2014-07-05,2479,2014-07-12,2528000.0,2540000.0
naive,1,2479,2014-07-12,2480,2014-07-19,2542000.0,2528000.0
naive,1,2480,2014-07-19,2481,2014-07-26,2524000.0,2542000.0
naive,1,2481,2014-07-26,2482,2014-08-02,2530000.0,2524000.0
naive,1,2482,2014-08-02,2483,2014-08-09,2508000.0,2530000.0
naive,1,2483,2014-08-09,2484,2014-08-16,2517000.0,2508000.0
naive,1,2484,2014-08-16,2485,2014-08-23,2483000.0,2517000.0
naive,1,2485,2014-08-23,2486,2014-08-30,2486000.0,2483000.0
naive,1,2486,2014-08-30,2487,2014-09-06,2452000.0,2486000.0
naive,1,2487,2014-09-06,2488,2014-09-13,2465000.0,2452000.0
naive,1,2488,2014-09-13,2489,2014-09-20,2447000.0,2465000.0
naive,1,2489,2014-09-20,2490,2014-09-27,2427000.0,2447000.0
naive,1,2490,2014-09-27,2491,2014-10-04,2441000.0,2427000.0
naive,1,2491,2014-10-04,2492,2014-10-11,2409000.0,2441000.0
naive,1,2492,2014-10-11,2493,2014-10-18,2437000.0,2409000.0
naive,1,2493,2014-10-18,2494,2014-10-25,2406000.0,2437000.0
naive,1,2494,2014-10-25,2495,2014-11-01,2436000.0,2406000.0
naive,1,2495,2014-11-01,2496,2014-11-08,2384000.0,2436000.0
naive,1,2496,2014-11-08,2497,2014-11-15,2351000.0,2384000.0
naive,1,2497,2014-11-15,2498,2014-11-22,2389000.0,2351000.0
naive,1,2498,2014-11-22,2499,2014-11-29,2484000.0,2389000.0
naive,1,2499,2014-11-29,2500,2014-12-06,2381000.0,2484000.0
naive,1,2500,2014-12-06,2501,2014-12-13,2379000.0,2381000.0
naive,1,2501,2014-12-13,2502,2014-12-20,2338000.0,2379000.0
naive,1,2502,2014-12-20,2503,2014-12-27,2422000.0,2338000.0
naive,1,2503,2014-12-27,2504,2015-01-03,2381000.0,2422000.0
naive,1,2504,2015-01-03,2505,2015-01-10,2400000.0,2381000.0
naive,1,2505,2015-01-10,2506,2015-01-17,2336000.0,2400000.0
naive,1,2506,2015-01-17,2507,2015-01-24,2335000.0,2336000.0
naive,1,2507,2015-01-24,2508,2015-01-31,2297000.0,2335000.0
naive,1,2508,2015-01-31,2509,2015-02-07,2344000.0,2297000.0
naive,1,2509,2015-02-07,2510,2015-02-14,2319000.0,2344000.0
naive,1,2510,2015-02-14,2511,2015-02-21,2341000.0,2319000.0
naive,1,2511,2015-02-21,2512,2015-02-28,2357000.0,2341000.0
naive,1,2512,2015-02-28,2513,2015-03-07,2361000.0,2357000.0
naive,1,2513,2015-03-07,2514,2015-03-14,2361000.0,2361000.0
naive,1,2514,2015-03-14,2515,2015-03-21,2306000.0,2361000.0
naive,1,2515,2015-03-21,2516,2015-03-28,2278000.0,2306000.0
naive,1,2516,2015-03-28,2517,2015-04-04,2273000.0,2278000.0
naive,1,2517,2015-04-04,2518,2015-04-11,2320000.0,2273000.0
naive,1,2518,2015-04-11,2519,2015-04-18,2279000.0,2320000.0
naive,1,2519,2015-04-18,2520,2015-04-25,2254000.0,2279000.0
naive,1,2520,2015-04-25,2521,2015-05-02,2261000.0,2254000.0
naive,1,2521,2015-05-02,2522,2015-05-09,2253000.0,2261000.0
naive,1,2522,2015-05-09,2523,2015-05-16,2258000.0,2253000.0
naive,1,2523,2015-05-16,2524,2015-05-23,2236000.0,2258000.0
naive,1,2524,2015-05-23,2525,2015-05-30,2294000.0,2236000.0
naive,1,2525,2015-05-30,2526,2015-06-06,2250000.0,2294000.0
naive,1,2526,2015-06-06,2527,2015-06-13,2268000.0,2250000.0
naive,1,2527,2015-06-13,2528,2015-06-20,2265000.0,2268000.0
naive,1,2528,2015-06-20,2529,2015-06-27,2312000.0,2265000.0
naive,1,2529,2015-06-27,2530,2015-07-04,2233000.0,2312000.0
naive,1,2530,2015-07-04,2531,2015-07-11,2226000.0,2233000.0
naive,1,2531,2015-07-11,2532,2015-07-18,2267000.0,2226000.0
naive,1,2532,2015-07-18,2533,2015-07-25,2253000.0,2267000.0
naive,1,2533,2015-07-25,2534,2015-08-01,2257000.0,2253000.0
naive,1,2534,2015-08-01,2535,2015-08-08,2247000.0,2257000.0
sarima,1,2475,2014-06-14,2476,2014-06-21,2583000.0,2584015.670151484
sarima,1,2476,2014-06-21,2477,2014-06-28,2579000.0,2591209.6659966377
sarima,1,2477,2014-06-28,2478,2014-07-05,2540000.0,2537769.6062356113
sarima,1,2478,2014-07-05,2479,2014-07-12,2528000.0,2558597.742983542
sarima,1,2479,2014-07-12,2480,2014-07-19,2542000.0,2521222.6209510015
sarima,1,2480,2014-07-19,2481,2014-07-26,2524000.0,2516175.803927138
sarima,1,2481,2014-07-26,2482,2014-08-02,2530000.0,2512087.168314466
sarima,1,2482,2014-08-02,2483,2014-08-09,2508000.0,2501692.034587855
sarima,1,2483,2014-08-09,2484,2014-08-16,2517000.0,2514299.5536010694
sarima,1,2484,2014-08-16,2485,2014-08-23,2483000.0,2533824.0296192556
sarima,1,2485,2014-08-23,2486,2014-08-30,2486000.0,2465492.90681731
sarima,1,2486,2014-08-30,2487,2014-09-06,2452000.0,2473180.1732088877
sarima,1,2487,2014-09-06,2488,2014-09-13,2465000.0,2450450.2490262305
sarima,1,2488,2014-09-13,2489,2014-09-20,2447000.0,2462233.5598475756
sarima,1,2489,2014-09-20,2490,2014-09-27,2427000.0,2411572.1263099522
sarima,1,2490,2014-09-27,2491,2014-10-04,2441000.0,2432471.299435927
sarima,1,2491,2014-10-04,2492,2014-10-11,2409000.0,2435932.601178194
sarima,1,2492,2014-10-11,2493,2014-10-18,2437000.0,2395365.3024360863
sarima,1,2493,2014-10-18,2494,2014-10-25,2406000.0,2417251.85321825
sarima,1,2494,2014-10-25,2495,2014-11-01,2436000.0,2390429.08616861
sarima,1,2495,2014-11-01,2496,2014-11-08,2384000.0,2429182.841405643
sarima,1,2496,2014-11-08,2497,2014-11-15,2351000.0,2404569.341761528
sarima,1,2497,2014-11-15,2498,2014-11-22,2389000.0,2333437.4894198244
sarima,1,2498,2014-11-22,2499,2014-11-29,2484000.0,2365458.8904572953
sarima,1,2499,2014-11-29,2500,2014-12-06,2381000.0,2462075.7095848084
sarima,1,2500,2014-12-06,2501,2014-12-13,2379000.0,2404954.7077173237
sarima,1,2501,2014-12-13,2502,2014-12-20,2338000.0,2334965.928364926
sarima,1,2502,2014-12-20,2503,2014-12-27,2422000.0,2353612.1687183026
sarima,1,2503,2014-12-27,2504,2015-01-03,2381000.0,2393758.7885270044
sarima,1,2504,2015-01-03,2505,2015-01-10,2400000.0,2384600.2473827465
sarima,1,2505,2015-01-10,2506,2015-01-17,2336000.0,2377126.1991143455
sarima,1,2506,2015-01-17,2507,2015-01-24,2335000.0,2338515.5448706844
sarima,1,2507,2015-01-24,2508,2015-01-31,2297000.0,2321013.2778614103
sarima,1,2508,2015-01-31,2509,2015-02-07,2344000.0,2300117.437692914
sarima,1,2509,2015-02-07,2510,2015-02-14,2319000.0,2325584.8759758347
sarima,1,2510,2015-02-14,2511,2015-02-21,2341000.0,2342251.028261409
sarima,1,2511,2015-02-21,2512,2015-02-28,2357000.0,2308051.340925056
sarima,1,2512,2015-02-28,2513,2015-03-07,2361000.0,2347895.903490685
sarima,1,2513,2015-03-07,2514,2015-03-14,2361000.0,2324610.908578438
sarima,1,2514,2015-03-14,2515,2015-03-21,2306000.0,2383380.7127865925
sarima,1,2515,2015-03-21,2516,2015-03-28,2278000.0,2305531.9935618397
sarima,1,2516,2015-03-28,2517,2015-04-04,2273000.0,2273296.4712515906
sarima,1,2517,2015-04-04,2518,2015-04-11,2320000.0,2248400.959607054
sarima,1,2518,2015-04-11,2519,2015-04-18,2279000.0,2296820.1571904034
sarima,1,2519,2015-04-18,2520,2015-04-25,2254000.0,2274734.266422352
sarima,1,2520,2015-04-25,2521,2015-05-02,2261000.0,2260692.033825235
sarima,1,2521,2015-05-02,2522,2015-05-09,2253000.0,2251161.9667796087
sarima,1,2522,2015-05-09,2523,2015-05-16,2258000.0,2269250.4296528655
sarima,1,2523,2015-05-16,2524,2015-05-23,2236000.0,2242720.5093253865
sarima,1,2524,2015-05-23,2525,2015-05-30,2294000.0,2236094.3972731056
sarima,1,2525,2015-05-30,2526,2015-06-06,2250000.0,2254060.3647371237
sarima,1,2526,2015-06-06,2527,2015-06-13,2268000.0,2265753.4790036264
sarima,1,2527,2015-06-13,2528,2015-06-20,2265000.0,2242200.7850239784
sarima,1,2528,2015-06-20,2529,2015-06-27,2312000.0,2260918.875587831
sarima,1,2529,2015-06-27,2530,2015-07-04,2233000.0,2294615.587158375
sarima,1,2530,2015-07-04,2531,2015-07-11,2226000.0,2233825.817074633
sarima,1,2531,2015-07-11,2532,2015-07-18,2267000.0,2201010.5825066855
sarima,1,2532,2015-07-18,2533,2015-07-25,2253000.0,2265389.0618509846
sarima,1,2533,2015-07-25,2534,2015-08-01,2257000.0,2250379.4783042422
sarima,1,2534,2015-08-01,2535,2015-08-08,2247000.0,2265980.0696475115
Filter,3,2475,2014-06-14,2478,2014-07-05,2540000.0,2595020.407125314
Filter,3,2476,2014-06-21,2479,2014-07-12,2528000.0,2581907.1588120773
Filter,3,2477,2014-06-28,2480,2014-07-19,2542000.0,2577915.0203523017
Filter,3,2478,2014-07-05,2481,2014-07-26,2524000.0,2539499.80984874
Filter,3,2479,2014-07-12,2482,2014-08-02,2530000.0,2527043.1006449736
Filter,3,2480,2014-07-19,2483,2014-08-09,2508000.0,2540400.223027859
Filter,3,2481,2014-07-26,2484,2014-08-16,2517000.0,2522006.2553947344
Filter,3,2482,2014-08-02,2485,2014-08-23,2483000.0,2528750.7835864914
Filter,3,2483,2014-08-09,2486,2014-08-30,2486000.0,2506464.628811852
Filter,3,2484,2014-08-16,2487,2014-09-06,2452000.0,2515530.6181441075
Filter,3,2485,2014-08-23,2488,2014-09-13,2465000.0,2481034.948363579
Filter,3,2486,2014-08-30,2489,2014-09-20,2447000.0,2484861.921565732
Filter,3,2487,2014-09-06,2490,2014-09-27,2427000.0,2450334.8571970696
Filter,3,2488,2014-09-13,2491,2014-10-04,2441000.0,2463880.8851347114
Filter,3,2489,2014-09-20,2492,2014-10-11,2409000.0,2445331.8263055314
Filter,3,2490,2014-09-27,2493,2014-10-18,2437000.0,2425922.6689895857
Filter,3,2491,2014-10-04,2494,2014-10-25,2406000.0,2439761.664778036
Filter,3,2492,2014-10-11,2495,2014-11-01,2436000.0,2408240.1872764644
Filter,3,2493,2014-10-18,2496,2014-11-08,2384000.0,2436317.919329862
Filter,3,2494,2014-10-25,2497,2014-11-15,2351000.0,2405707.373685142
Filter,3,2495,2014-11-01,2498,2014-11-22,2389000.0,2435971.398455467
Filter,3,2496,2014-11-08,2499,2014-11-29,2484000.0,2384233.568589936
Filter,3,2497,2014-11-15,2500,2014-12-06,2381000.0,2351714.9513930753
Filter,3,2498,2014-11-22,2501,2014-12-13,2379000.0,2390102.2767189587
Filter,3,2499,2014-11-29,2502,2014-12-20,2338000.0,2484930.4666914395
Filter,3,2500,2014-12-06,2503,2014-12-27,2422000.0,2382370.482850123
Filter,3,2501,2014-12-13,2504,2015-01-03,2381000.0,2381088.4457800537
Filter,3,2502,2014-12-20,2505,2015-01-10,2400000.0,2339918.283436154
Filter,3,2503,2014-12-27,2506,2015-01-17,2336000.0,2424636.79052484
Filter,3,2504,2015-01-03,2507,2015-01-24,2335000.0,2383243.573341518
Filter,3,2505,2015-01-10,2508,2015-01-31,2297000.0,2403034.7692625704
Filter,3,2506,2015-01-17,2509,2015-02-07,2344000.0,2339081.9282554807
Filter,3,2507,2015-01-24,2510,2015-02-14,2319000.0,2338371.222356696
Filter,3,2508,2015-01-31,2511,2015-02-21,2341000.0,2300326.02147576
Filter,3,2509,2015-02-07,2512,2015-02-28,2357000.0,2347463.5805775695
Filter,3,2510,2015-02-14,2513,2015-03-07,2361000.0,2322820.1814306276
Filter,3,2511,2015-02-21,2514,2015-03-14,2361000.0,2345115.6870742845
Filter,3,2512,2015-02-28,2515,2015-03-21,2306000.0,2361149.5627750927
Filter,3,2513,2015-03-07,2516,2015-03-28,2278000.0,2365599.892163752
Filter,3,2514,2015-03-14,2517,2015-04-04,2273000.0,2365834.617324093
Filter,3,2515,2015-03-21,2518,2015-04-11,2320000.0,2310483.9175851224
Filter,3,2516,2015-03-28,2519,2015-04-18,2279000.0,2283230.0041999496
Filter,3,2517,2015-04-04,2520,2015-04-25,2254000.0,2277925.0402440215
Filter,3,2518,2015-04-11,2521,2015-05-02,2261000.0,2325181.1542155235
Filter,3,2519,2015-04-18,2522,2015-05-09,2253000.0,2283991.158508181
Filter,3,2520,2015-04-25,2523,2015-05-16,2258000.0,2259483.2129058717
Filter,3,2521,2015-05-02,2524,2015-05-23,2236000.0,2266433.7718182527
Filter,3,2522,2015-05-09,2525,2015-05-30,2294000.0,2258719.003903289
Filter,3,2523,2015-05-16,2526,2015-06-06,2250000.0,2263410.286045374
Filter,3,2524,2015-05-23,2527,2015-06-13,2268000.0,2242212.1988524417
Filter,3,2525,2015-05-30,2528,2015-06-20,2265000.0,2299962.9873661515
Filter,3,2526,2015-06-06,2529,2015-06-27,2312000.0,2256339.461254007
Filter,3,2527,2015-06-13,2530,2015-07-04,2233000.0,2273906.2844369616
Filter,3,2528,2015-06-20,2531,2015-07-11,2226000.0,2271213.6028878214
Filter,3,2529,2015-06-27,2532,2015-07-18,2267000.0,2318409.012412771
Filter,3,2530,2015-07-04,2533,2015-07-25,2253000.0,2239715.1017128085
Filter,3,2531,2015-07-11,2534,2015-08-01,2257000.0,2232234.499443583
Filter,3,2532,2015-07-18,2535,2015-08-08,2247000.0,2273599.883534685
Filter,3,2533,2015-07-25,2536,2015-08-15,2256000.0,2259567.2667382155
Filter,3,2534,2015-08-01,2537,2015-08-22,2252000.0,2263861.6172842463
Filter+ES,3,2475,2014-06-14,2478,2014-07-05,2540000.0,2596475.4697857387
Filter+ES,3,2476,2014-06-21,2479,2014-07-12,2528000.0,2584207.295391659
Filter+ES,3,2477,2014-06-28,2480,2014-07-19,2542000.0,2580052.306018748
Filter+ES,3,2478,2014-07-05,2481,2014-07-26,2524000.0,2541220.815389514
Filter+ES,3,2479,2014-07-12,2482,2014-08-02,2530000.0,2529090.8612864977
Filter+ES,3,2480,2014-07-19,2483,2014-08-09,2508000.0,2542834.6775595294
Filter+ES,3,2481,2014-07-26,2484,2014-08-16,2517000.0,2524537.435302298
Filter+ES,3,2482,2014-08-02,2485,2014-08-23,2483000.0,2530512.718725624
Filter+ES,3,2483,2014-08-09,2486,2014-08-30,2486000.0,2508431.9240436046
Filter+ES,3,2484,2014-08-16,2487,2014-09-06,2452000.0,2517344.0764558185
Filter+ES,3,2485,2014-08-23,2488,2014-09-13,2465000.0,2483182.8249594877
Filter+ES,3,2486,2014-08-30,2489,2014-09-20,2447000.0,2486300.2455590153
Filter+ES,3,2487,2014-09-06,2490,2014-09-27,2427000.0,2452235.954821952
Filter+ES,3,2488,2014-09-13,2491,2014-10-04,2441000.0,2465371.1759585617
Filter+ES,3,2489,2014-09-20,2492,2014-10-11,2409000.0,2447324.0622571153
Filter+ES,3,2490,2014-09-27,2493,2014-10-18,2437000.0,2427455.2190633835
Filter+ES,3,2491,2014-10-04,2494,2014-10-25,2406000.0,2441445.6225625584
Filter+ES,3,2492,2014-10-11,2495,2014-11-01,2436000.0,2409586.4505840377
Filter+ES,3,2493,2014-10-18,2496,2014-11-08,2384000.0,2437656.336304564
Filter+ES,3,2494,2014-10-25,2497,2014-11-15,2351000.0,2406913.0146010937
Filter+ES,3,2495,2014-11-01,2498,2014-11-22,2389000.0,2437086.619757436
Filter+ES,3,2496,2014-11-08,2499,2014-11-29,2484000.0,2385278.1768632005
Filter+ES,3,2497,2014-11-15,2500,2014-12-06,2381000.0,2352443.2255694135
Filter+ES,3,2498,2014-11-22,2501,2014-12-13,2379000.0,2390722.885482016
Filter+ES,3,2499,2014-11-29,2502,2014-12-20,2338000.0,2486013.168061165
Filter+ES,3,2500,2014-12-06,2503,2014-12-27,2422000.0,2383119.511757129
Filter+ES,3,2501,2014-12-13,2504,2015-01-03,2381000.0,2381293.244522997
Filter+ES,3,2502,2014-12-20,2505,2015-01-10,2400000.0,2340493.368657919
Filter+ES,3,2503,2014-12-27,2506,2015-01-17,2336000.0,2424999.516635142
Filter+ES,3,2504,2015-01-03,2507,2015-01-24,2335000.0,2384187.903007841
Filter+ES,3,2505,2015-01-10,2508,2015-01-31,2297000.0,2403418.4841645355
Filter+ES,3,2506,2015-01-17,2509,2015-02-07,2344000.0,2339618.0429826453
Filter+ES,3,2507,2015-01-24,2510,2015-02-14,2319000.0,2338922.443274735
Filter+ES,3,2508,2015-01-31,2511,2015-02-21,2341000.0,2301076.3482972695
Filter+ES,3,2509,2015-02-07,2512,2015-02-28,2357000.0,2348277.7901823735
Filter+ES,3,2510,2015-02-14,2513,2015-03-07,2361000.0,2323452.711105331
Filter+ES,3,2511,2015-02-21,2514,2015-03-14,2361000.0,2345686.3919172455
Filter+ES,3,2512,2015-02-28,2515,2015-03-21,2306000.0,2361847.1521499604
Filter+ES,3,2513,2015-03-07,2516,2015-03-28,2278000.0,2366090.0403528246
Filter+ES,3,2514,2015-03-14,2517,2015-04-04,2273000.0,2366198.1173564163
Filter+ES,3,2515,2015-03-21,2518,2015-04-11,2320000.0,2311185.4737649164
Filter+ES,3,2516,2015-03-28,2519,2015-04-18,2279000.0,2283325.7645701272
Filter+ES,3,2517,2015-04-04,2520,2015-04-25,2254000.0,2278488.8452465273
Filter+ES,3,2518,2015-04-11,2521,2015-05-02,2261000.0,2325711.5599040785
Filter+ES,3,2519,2015-04-18,2522,2015-05-09,2253000.0,2284809.9680066216
Filter+ES,3,2520,2015-04-25,2523,2015-05-16,2258000.0,2260005.1193371676
Filter+ES,3,2521,2015-05-02,2524,2015-05-23,2236000.0,2267180.511357468
Filter+ES,3,2522,2015-05-09,2525,2015-05-30,2294000.0,2259427.8215940595
Filter+ES,3,2523,2015-05-16,2526,2015-06-06,2250000.0,2264413.5289965617
Filter+ES,3,2524,2015-05-23,2527,2015-06-13,2268000.0,2242667.926851356
Filter+ES,3,2525,2015-05-30,2528,2015-06-20,2265000.0,2300696.8555341694
Filter+ES,3,2526,2015-06-06,2529,2015-06-27,2312000.0,2256930.334352767
Filter+ES,3,2527,2015-06-13,2530,2015-07-04,2233000.0,2274835.074833449
Filter+ES,3,2528,2015-06-20,2531,2015-07-11,2226000.0,2271916.4235920627
Filter+ES,3,2529,2015-06-27,2532,2015-07-18,2267000.0,2319033.7050112523
Filter+ES,3,2530,2015-07-04,2533,2015-07-25,2253000.0,2240205.9147276753
Filter+ES,3,2531,2015-07-11,2534,2015-08-01,2257000.0,2233160.4401143882
Filter+ES,3,2532,2015-07-18,2535,2015-08-08,2247000.0,2274328.174571349
Filter+ES,3,2533,2015-07-25,2536,2015-08-15,2256000.0,2260456.1408088747
Filter+ES,3,2534,2015-08-01,2537,2015-08-22,2252000.0,2264604.7682187883
Filter+MA,3,2475,2014-06-14,2478,2014-07-05,2540000.0,2595528.081457929
Filter+MA,3,2476,2014-06-21,2479,2014-07-12,2528000.0,2583536.143338497
Filter+MA,3,2477,2014-06-28,2480,2014-07-19,2542000.0,2579448.0544166327
Filter+MA,3,2478,2014-07-05,2481,2014-07-26,2524000.0,2540274.4657900217
Filter+MA,3,2479,2014-07-12,2482,2014-08-02,2530000.0,2528285.615424403
Filter+MA,3,2480,2014-07-19,2483,2014-08-09,2508000.0,2542116.0058347196
Filter+MA,3,2481,2014-07-26,2484,2014-08-16,2517000.0,2523669.464399293
Filter+MA,3,2482,2014-08-02,2485,2014-08-23,2483000.0,2529548.716034253
Filter+MA,3,2483,2014-08-09,2486,2014-08-30,2486000.0,2507565.7833124534
Filter+MA,3,2484,2014-08-16,2487,2014-09-06,2452000.0,2516733.2579220375
Filter+MA,3,2485,2014-08-23,2488,2014-09-13,2465000.0,2482580.512625453
Filter+MA,3,2486,2014-08-30,2489,2014-09-20,2447000.0,2485743.3284955574
Filter+MA,3,2487,2014-09-06,2490,2014-09-27,2427000.0,2451768.323432907
Filter+MA,3,2488,2014-09-13,2491,2014-10-04,2441000.0,2465054.5145729557
Filter+MA,3,2489,2014-09-20,2492,2014-10-11,2409000.0,2447024.649976754
Filter+MA,3,2490,2014-09-27,2493,2014-10-18,2437000.0,2427296.097918828
Filter+MA,3,2491,2014-10-04,2494,2014-10-25,2406000.0,2441341.6875790455
Filter+MA,3,2492,2014-10-11,2495,2014-11-01,2436000.0,2409711.367086132
Filter+MA,3,2493,2014-10-18,2496,2014-11-08,2384000.0,2437817.9474878483
Filter+MA,3,2494,2014-10-25,2497,2014-11-15,2351000.0,2407166.403481087
Filter+MA,3,2495,2014-11-01,2498,2014-11-22,2389000.0,2437348.6622823793
Filter+MA,3,2496,2014-11-08,2499,2014-11-29,2484000.0,2385635.082855099
Filter+MA,3,2497,2014-11-15,2500,2014-12-06,2381000.0,2352826.2637441778
Filter+MA,3,2498,2014-11-22,2501,2014-12-13,2379000.0,2391172.4961579572
Filter+MA,3,2499,2014-11-29,2502,2014-12-20,2338000.0,2486419.5852267435
Filter+MA,3,2500,2014-12-06,2503,2014-12-27,2422000.0,2383628.628804695
Filter+MA,3,2501,2014-12-13,2504,2015-01-03,2381000.0,2381746.251397539
Filter+MA,3,2502,2014-12-20,2505,2015-01-10,2400000.0,2340907.0109690647
Filter+MA,3,2503,2014-12-27,2506,2015-01-17,2336000.0,2425400.237985896
Filter+MA,3,2504,2015-01-03,2507,2015-01-24,2335000.0,2384693.812626338
Filter+MA,3,2505,2015-01-10,2508,2015-01-31,2297000.0,2404073.228806372
Filter+MA,3,2506,2015-01-17,2509,2015-02-07,2344000.0,2340136.2401422295
Filter+MA,3,2507,2015-01-24,2510,2015-02-14,2319000.0,2339421.1766756694
Filter+MA,3,2508,2015-01-31,2511,2015-02-21,2341000.0,2301551.777091181
Filter+MA,3,2509,2015-02-07,2512,2015-02-28,2357000.0,2348731.998437789
Filter+MA,3,2510,2015-02-14,2513,2015-03-07,2361000.0,2323897.0699550314
Filter+MA,3,2511,2015-02-21,2514,2015-03-14,2361000.0,2346172.798766927
Filter+MA,3,2512,2015-02-28,2515,2015-03-21,2306000.0,2362349.0354564986
Filter+MA,3,2513,2015-03-07,2516,2015-03-28,2278000.0,2366564.4757098826
Filter+MA,3,2514,2015-03-14,2517,2015-04-04,2273000.0,2366564.511744697
Filter+MA,3,2515,2015-03-21,2518,2015-04-11,2320000.0,2311527.260342155
Filter+MA,3,2516,2015-03-28,2519,2015-04-18,2279000.0,2283519.4907072377
Filter+MA,3,2517,2015-04-04,2520,2015-04-25,2254000.0,2278680.8231992517
Filter+MA,3,2518,2015-04-11,2521,2015-05-02,2261000.0,2325995.4937440157
Filter+MA,3,2519,2015-04-18,2522,2015-05-09,2253000.0,2285129.5816022446
Filter+MA,3,2520,2015-04-25,2523,2015-05-16,2258000.0,2260244.209999555
Filter+MA,3,2521,2015-05-02,2524,2015-05-23,2236000.0,2267264.158409927
Filter+MA,3,2522,2015-05-09,2525,2015-05-30,2294000.0,2259453.1927480944
Filter+MA,3,2523,2015-05-16,2526,2015-06-06,2250000.0,2264447.4992474327
Filter+MA,3,2524,2015-05-23,2527,2015-06-13,2268000.0,2242586.77446595
Filter+MA,3,2525,2015-05-30,2528,2015-06-20,2265000.0,2300478.58968851
Filter+MA,3,2526,2015-06-06,2529,2015-06-27,2312000.0,2256671.846050656
Filter+MA,3,2527,2015-06-13,2530,2015-07-04,2233000.0,2274521.230444657
Filter+MA,3,2528,2015-06-20,2531,2015-07-11,2226000.0,2271574.0578130377
Filter+MA,3,2529,2015-06-27,2532,2015-07-18,2267000.0,2318499.5087247067
Filter+MA,3,2530,2015-07-04,2533,2015-07-25,2253000.0,2239665.768399038
Filter+MA,3,2531,2015-07-11,2534,2015-08-01,2257000.0,2232625.761820877
Filter+MA,3,2532,2015-07-18,2535,2015-08-08,2247000.0,2273671.49694273
Filter+MA,3,2533,2015-07-25,2536,2015-08-15,2256000.0,2259781.2027860475
Filter+MA,3,2534,2015-08-01,2537,2015-08-22,2252000.0,2264048.730537038
Raw,3,2475,2014-06-14,2478,2014-07-05,2540000.0,2573188.287744186
Raw,3,2476,2014-06-21,2479,2014-07-12,2528000.0,2560232.0705562746
Raw,3,2477,2014-06-28,2480,2014-07-19,2542000.0,2555103.1824724358
Raw,3,2478,2014-07-05,2481,2014-07-26,2524000.0,2516380.411192153
Raw,3,2479,2014-07-12,2482,2014-08-02,2530000.0,2502870.0327775925
Raw,3,2480,2014-07-19,2483,2014-08-09,2508000.0,2518292.187387681
Raw,3,2481,2014-07-26,2484,2014-08-16,2517000.0,2499266.0534033487
Raw,3,2482,2014-08-02,2485,2014-08-23,2483000.0,2507827.7280204725
Raw,3,2483,2014-08-09,2486,2014-08-30,2486000.0,2483730.44628743
Raw,3,2484,2014-08-16,2487,2014-09-06,2452000.0,2495137.4713829197
Raw,3,2485,2014-08-23,2488,2014-09-13,2465000.0,2459245.301135338
Raw,3,2486,2014-08-30,2489,2014-09-20,2447000.0,2464326.1060321834
Raw,3,2487,2014-09-06,2490,2014-09-27,2427000.0,2428808.4809834044
Raw,3,2488,2014-09-13,2491,2014-10-04,2441000.0,2443810.2340931026
Raw,3,2489,2014-09-20,2492,2014-10-11,2409000.0,2424978.040140604
Raw,3,2490,2014-09-27,2493,2014-10-18,2437000.0,2406690.9699158357
Raw,3,2491,2014-10-04,2494,2014-10-25,2406000.0,2419954.886433224
Raw,3,2492,2014-10-11,2495,2014-11-01,2436000.0,2388628.9397848304
Raw,3,2493,2014-10-18,2496,2014-11-08,2384000.0,2416891.2401735825
Raw,3,2494,2014-10-25,2497,2014-11-15,2351000.0,2386497.5851008743
Raw,3,2495,2014-11-01,2498,2014-11-22,2389000.0,2417792.3206075444
Raw,3,2496,2014-11-08,2499,2014-11-29,2484000.0,2365231.2354070325
Raw,3,2497,2014-11-15,2500,2014-12-06,2381000.0,2332081.483975388
Raw,3,2498,2014-11-22,2501,2014-12-13,2379000.0,2371291.9469445655
Raw,3,2499,2014-11-29,2502,2014-12-20,2338000.0,2468624.3158390652
Raw,3,2500,2014-12-06,2503,2014-12-27,2422000.0,2365041.4404855156
Raw,3,2501,2014-12-13,2504,2015-01-03,2381000.0,2364304.010457382
Raw,3,2502,2014-12-20,2505,2015-01-10,2400000.0,2322156.3974938844
Raw,3,2503,2014-12-27,2506,2015-01-17,2336000.0,2409345.069945822
Raw,3,2504,2015-01-03,2507,2015-01-24,2335000.0,2367426.471781677
Raw,3,2505,2015-01-10,2508,2015-01-31,2297000.0,2388136.2754541184
Raw,3,2506,2015-01-17,2509,2015-02-07,2344000.0,2323443.1639834694
Raw,3,2507,2015-01-24,2510,2015-02-14,2319000.0,2323414.632162702
Raw,3,2508,2015-01-31,2511,2015-02-21,2341000.0,2284049.7497657505
Raw,3,2509,2015-02-07,2512,2015-02-28,2357000.0,2332771.4601342687
Raw,3,2510,2015-02-14,2513,2015-03-07,2361000.0,2308268.462872332
Raw,3,2511,2015-02-21,2514,2015-03-14,2361000.0,2333183.166267572
Raw,3,2512,2015-02-28,2515,2015-03-21,2306000.0,2350033.804755486
Raw,3,2513,2015-03-07,2516,2015-03-28,2278000.0,2356221.6376791727
Raw,3,2514,2015-03-14,2517,2015-04-04,2273000.0,2356335.060728473
Raw,3,2515,2015-03-21,2518,2015-04-11,2320000.0,2299703.410948173
Raw,3,2516,2015-03-28,2519,2015-04-18,2279000.0,2271836.268994391
Raw,3,2517,2015-04-04,2520,2015-04-25,2254000.0,2266576.180944881
Raw,3,2518,2015-04-11,2521,2015-05-02,2261000.0,2316029.6003679093
Raw,3,2519,2015-04-18,2522,2015-05-09,2253000.0,2274125.0194159388
Raw,3,2520,2015-04-25,2523,2015-05-16,2258000.0,2250864.826534325
Raw,3,2521,2015-05-02,2524,2015-05-23,2236000.0,2258964.802134487
Raw,3,2522,2015-05-09,2525,2015-05-30,2294000.0,2251409.7877916
Raw,3,2523,2015-05-16,2526,2015-06-06,2250000.0,2253024.108712071
Raw,3,2524,2015-05-23,2527,2015-06-13,2268000.0,2234214.6100134836
Raw,3,2525,2015-05-30,2528,2015-06-20,2265000.0,2292411.3779517543
Raw,3,2526,2015-06-06,2529,2015-06-27,2312000.0,2250617.9919561865
Raw,3,2527,2015-06-13,2530,2015-07-04,2233000.0,2265789.70401281
Raw,3,2528,2015-06-20,2531,2015-07-11,2226000.0,2264942.7226775433
Raw,3,2529,2015-06-27,2532,2015-07-18,2267000.0,2313203.841338998
Raw,3,2530,2015-07-04,2533,2015-07-25,2253000.0,2234059.9222577587
Raw,3,2531,2015-07-11,2534,2015-08-01,2257000.0,2224135.203167707
Raw,3,2532,2015-07-18,2535,2015-08-08,2247000.0,2268537.9627492214
Raw,3,2533,2015-07-25,2536,2015-08-15,2256000.0,2253764.1663539694
Raw,3,2534,2015-08-01,2537,2015-08-22,2252000.0,2260159.311200952
STL+TCN,3,2475,2014-06-14,2478,2014-07-05,2540000.0,2580365.5179809993
STL+TCN,3,2476,2014-06-21,2479,2014-07-12,2528000.0,2552591.561997997
STL+TCN,3,2477,2014-06-28,2480,2014-07-19,2542000.0,2544265.898526825
STL+TCN,3,2478,2014-07-05,2481,2014-07-26,2524000.0,2508016.57689468
STL+TCN,3,2479,2014-07-12,2482,2014-08-02,2530000.0,2493216.3878438505
STL+TCN,3,2480,2014-07-19,2483,2014-08-09,2508000.0,2510235.6190504106
STL+TCN,3,2481,2014-07-26,2484,2014-08-16,2517000.0,2492697.1576717664
STL+TCN,3,2482,2014-08-02,2485,2014-08-23,2483000.0,2502491.043377066
STL+TCN,3,2483,2014-08-09,2486,2014-08-30,2486000.0,2489485.912924851
STL+TCN,3,2484,2014-08-16,2487,2014-09-06,2452000.0,2484446.562709333
STL+TCN,3,2485,2014-08-23,2488,2014-09-13,2465000.0,2457986.8900801293
STL+TCN,3,2486,2014-08-30,2489,2014-09-20,2447000.0,2451950.9642353198
STL+TCN,3,2487,2014-09-06,2490,2014-09-27,2427000.0,2426142.395653526
STL+TCN,3,2488,2014-09-13,2491,2014-10-04,2441000.0,2431971.2377297566
STL+TCN,3,2489,2014-09-20,2492,2014-10-11,2409000.0,2409248.56576199
STL+TCN,3,2490,2014-09-27,2493,2014-10-18,2437000.0,2394465.960812587
STL+TCN,3,2491,2014-10-04,2494,2014-10-25,2406000.0,2405474.4275389486
STL+TCN,3,2492,2014-10-11,2495,2014-11-01,2436000.0,2377931.6971235303
STL+TCN,3,2493,2014-10-18,2496,2014-11-08,2384000.0,2407850.2103659115
STL+TCN,3,2494,2014-10-25,2497,2014-11-15,2351000.0,2379402.673378216
STL+TCN,3,2495,2014-11-01,2498,2014-11-22,2389000.0,2420636.1323532085
STL+TCN,3,2496,2014-11-08,2499,2014-11-29,2484000.0,2352717.1981997713
STL+TCN,3,2497,2014-11-15,2500,2014-12-06,2381000.0,2328632.9350351677
STL+TCN,3,2498,2014-11-22,2501,2014-12-13,2379000.0,2357178.331494603
STL+TCN,3,2499,2014-11-29,2502,2014-12-20,2338000.0,2465483.592694273
STL+TCN,3,2500,2014-12-06,2503,2014-12-27,2422000.0,2353125.8061383837
STL+TCN,3,2501,2014-12-13,2504,2015-01-03,2381000.0,2349437.693083083
STL+TCN,3,2502,2014-12-20,2505,2015-01-10,2400000.0,2310457.6945790593
STL+TCN,3,2503,2014-12-27,2506,2015-01-17,2336000.0,2395327.08784707
STL+TCN,3,2504,2015-01-03,2507,2015-01-24,2335000.0,2357044.4872202477
STL+TCN,3,2505,2015-01-10,2508,2015-01-31,2297000.0,2379517.0403101374
STL+TCN,3,2506,2015-01-17,2509,2015-02-07,2344000.0,2315978.4908640273
STL+TCN,3,2507,2015-01-24,2510,2015-02-14,2319000.0,2326596.9716858016
STL+TCN,3,2508,2015-01-31,2511,2015-02-21,2341000.0,2270916.2930169026
STL+TCN,3,2509,2015-02-07,2512,2015-02-28,2357000.0,2329041.64887876
STL+TCN,3,2510,2015-02-14,2513,2015-03-07,2361000.0,2294370.188197185
STL+TCN,3,2511,2015-02-21,2514,2015-03-14,2361000.0,2329797.526765947
STL+TCN,3,2512,2015-02-28,2515,2015-03-21,2306000.0,2337511.437269105
STL+TCN,3,2513,2015-03-07,2516,2015-03-28,2278000.0,2339941.0943800635
STL+TCN,3,2514,2015-03-14,2517,2015-04-04,2273000.0,2344337.3905999954
STL+TCN,3,2515,2015-03-21,2518,2015-04-11,2320000.0,2284370.8063819297
STL+TCN,3,2516,2015-03-28,2519,2015-04-18,2279000.0,2260322.889287208
STL+TCN,3,2517,2015-04-04,2520,2015-04-25,2254000.0,2255875.699587637
STL+TCN,3,2518,2015-04-11,2521,2015-05-02,2261000.0,2307490.412426206
STL+TCN,3,2519,2015-04-18,2522,2015-05-09,2253000.0,2275267.4712283956
STL+TCN,3,2520,2015-04-25,2523,2015-05-16,2258000.0,2236540.0655831518
STL+TCN,3,2521,2015-05-02,2524,2015-05-23,2236000.0,2252965.766443727
STL+TCN,3,2522,2015-05-09,2525,2015-05-30,2294000.0,2235397.8224699334
STL+TCN,3,2523,2015-05-16,2526,2015-06-06,2250000.0,2246842.8522844384
STL+TCN,3,2524,2015-05-23,2527,2015-06-13,2268000.0,2219135.9102500314
STL+TCN,3,2525,2015-05-30,2528,2015-06-20,2265000.0,2273787.8619553773
STL+TCN,3,2526,2015-06-06,2529,2015-06-27,2312000.0,2236465.4134166003
STL+TCN,3,2527,2015-06-13,2530,2015-07-04,2233000.0,2248869.9709257144
STL+TCN,3,2528,2015-06-20,2531,2015-07-11,2226000.0,2251401.318917107
STL+TCN,3,2529,2015-06-27,2532,2015-07-18,2267000.0,2300934.070715087
STL+TCN,3,2530,2015-07-04,2533,2015-07-25,2253000.0,2223723.073368275
STL+TCN,3,2531,2015-07-11,2534,2015-08-01,2257000.0,2223881.412360567
STL+TCN,3,2532,2015-07-18,2535,2015-08-08,2247000.0,2252851.408226441
STL+TCN,3,2533,2015-07-25,2536,2015-08-15,2256000.0,2247255.2938052383
STL+TCN,3,2534,2015-08-01,2537,2015-08-22,2252000.0,2243690.657305031
Smooth-ES,3,2475,2014-06-14,2478,2014-07-05,2540000.0,2580993.6004340667
Smooth-ES,3,2476,2014-06-21,2479,2014-07-12,2528000.0,2567036.935141942
Smooth-ES,3,2477,2014-06-28,2480,2014-07-19,2542000.0,2561167.7478328114
Smooth-ES,3,2478,2014-07-05,2481,2014-07-26,2524000.0,2520415.276295464
Smooth-ES,3,2479,2014-07-12,2482,2014-08-02,2530000.0,2506617.5820579347
Smooth-ES,3,2480,2014-07-19,2483,2014-08-09,2508000.0,2519993.4537844816
Smooth-ES,3,2481,2014-07-26,2484,2014-08-16,2517000.0,2501447.8245439595
Smooth-ES,3,2482,2014-08-02,2485,2014-08-23,2483000.0,2507993.998604426
Smooth-ES,3,2483,2014-08-09,2486,2014-08-30,2486000.0,2485578.650094412
Smooth-ES,3,2484,2014-08-16,2487,2014-09-06,2452000.0,2495175.444804126
Smooth-ES,3,2485,2014-08-23,2488,2014-09-13,2465000.0,2460869.848420677
Smooth-ES,3,2486,2014-08-30,2489,2014-09-20,2447000.0,2464354.1563250734
Smooth-ES,3,2487,2014-09-06,2490,2014-09-27,2427000.0,2430109.5030774972
Smooth-ES,3,2488,2014-09-13,2491,2014-10-04,2441000.0,2443570.7513454887
Smooth-ES,3,2489,2014-09-20,2492,2014-10-11,2409000.0,2425613.062168198
Smooth-ES,3,2490,2014-09-27,2493,2014-10-18,2437000.0,2406115.280367093
Smooth-ES,3,2491,2014-10-04,2494,2014-10-25,2406000.0,2420275.73777513
Smooth-ES,3,2492,2014-10-11,2495,2014-11-01,2436000.0,2388331.462805414
Smooth-ES,3,2493,2014-10-18,2496,2014-11-08,2384000.0,2416764.2349746367
Smooth-ES,3,2494,2014-10-25,2497,2014-11-15,2351000.0,2386078.030104829
Smooth-ES,3,2495,2014-11-01,2498,2014-11-22,2389000.0,2416990.7225265615
Smooth-ES,3,2496,2014-11-08,2499,2014-11-29,2484000.0,2364883.8452508706
Smooth-ES,3,2497,2014-11-15,2500,2014-12-06,2381000.0,2331607.772289968
Smooth-ES,3,2498,2014-11-22,2501,2014-12-13,2379000.0,2369734.392676769
Smooth-ES,3,2499,2014-11-29,2502,2014-12-20,2338000.0,2466275.690945579
Smooth-ES,3,2500,2014-12-06,2503,2014-12-27,2422000.0,2363431.4565546736
Smooth-ES,3,2501,2014-12-13,2504,2015-01-03,2381000.0,2361950.5377242896
Smooth-ES,3,2502,2014-12-20,2505,2015-01-10,2400000.0,2320984.9116312
Smooth-ES,3,2503,2014-12-27,2506,2015-01-17,2336000.0,2406528.0982565186
Smooth-ES,3,2504,2015-01-03,2507,2015-01-24,2335000.0,2365980.8304069256
Smooth-ES,3,2505,2015-01-10,2508,2015-01-31,2297000.0,2385921.6260166885
Smooth-ES,3,2506,2015-01-17,2509,2015-02-07,2344000.0,2321956.6452443106
Smooth-ES,3,2507,2015-01-24,2510,2015-02-14,2319000.0,2321358.6324418904
Smooth-ES,3,2508,2015-01-31,2511,2015-02-21,2341000.0,2282942.6359664076
Smooth-ES,3,2509,2015-02-07,2512,2015-02-28,2357000.0,2330282.4607951315
Smooth-ES,3,2510,2015-02-14,2513,2015-03-07,2361000.0,2305322.560600977
Smooth-ES,3,2511,2015-02-21,2514,2015-03-14,2361000.0,2328083.1292440235
Smooth-ES,3,2512,2015-02-28,2515,2015-03-21,2306000.0,2345413.32300798
Smooth-ES,3,2513,2015-03-07,2516,2015-03-28,2278000.0,2351108.7497812933
Smooth-ES,3,2514,2015-03-14,2517,2015-04-04,2273000.0,2352648.973617567
Smooth-ES,3,2515,2015-03-21,2518,2015-04-11,2320000.0,2297729.945498307
Smooth-ES,3,2516,2015-03-28,2519,2015-04-18,2279000.0,2269953.147121743
Smooth-ES,3,2517,2015-04-04,2520,2015-04-25,2254000.0,2264914.7293813583
Smooth-ES,3,2518,2015-04-11,2521,2015-05-02,2261000.0,2312971.0678131687
Smooth-ES,3,2519,2015-04-18,2522,2015-05-09,2253000.0,2271700.5660329163
Smooth-ES,3,2520,2015-04-25,2523,2015-05-16,2258000.0,2246979.2705270476
Smooth-ES,3,2521,2015-05-02,2524,2015-05-23,2236000.0,2254460.3227355597
Smooth-ES,3,2522,2015-05-09,2525,2015-05-30,2294000.0,2247061.011849977
Smooth-ES,3,2523,2015-05-16,2526,2015-06-06,2250000.0,2251274.238954436
Smooth-ES,3,2524,2015-05-23,2527,2015-06-13,2268000.0,2229661.4036113312
Smooth-ES,3,2525,2015-05-30,2528,2015-06-20,2265000.0,2288203.02340022
Smooth-ES,3,2526,2015-06-06,2529,2015-06-27,2312000.0,2245294.8227340737
Smooth-ES,3,2527,2015-06-13,2530,2015-07-04,2233000.0,2263029.254748031
Smooth-ES,3,2528,2015-06-20,2531,2015-07-11,2226000.0,2260505.1430684733
Smooth-ES,3,2529,2015-06-27,2532,2015-07-18,2267000.0,2308544.987473166
Smooth-ES,3,2530,2015-07-04,2533,2015-07-25,2253000.0,2230021.1283679036
Smooth-ES,3,2531,2015-07-11,2534,2015-08-01,2257000.0,2222411.810733728
Smooth-ES,3,2532,2015-07-18,2535,2015-08-08,2247000.0,2264835.8027887526
Smooth-ES,3,2533,2015-07-25,2536,2015-08-15,2256000.0,2251594.1551254215
Smooth-ES,3,2534,2015-08-01,2537,2015-08-22,2252000.0,2256873.3758262587
Smooth-MA,3,2475,2014-06-14,2478,2014-07-05,2540000.0,2574698.8830288216
Smooth-MA,3,2476,2014-06-21,2479,2014-07-12,2528000.0,2561645.3176247403
Smooth-MA,3,2477,2014-06-28,2480,2014-07-19,2542000.0,2556331.0162056806
Smooth-MA,3,2478,2014-07-05,2481,2014-07-26,2524000.0,2516733.0049077403
Smooth-MA,3,2479,2014-07-12,2482,2014-08-02,2530000.0,2503631.60113879
Smooth-MA,3,2480,2014-07-19,2483,2014-08-09,2508000.0,2517513.724318678
Smooth-MA,3,2481,2014-07-26,2484,2014-08-16,2517000.0,2498998.065464638
Smooth-MA,3,2482,2014-08-02,2485,2014-08-23,2483000.0,2505890.5651665693
Smooth-MA,3,2483,2014-08-09,2486,2014-08-30,2486000.0,2483361.042496262
Smooth-MA,3,2484,2014-08-16,2487,2014-09-06,2452000.0,2493220.0278373123
Smooth-MA,3,2485,2014-08-23,2488,2014-09-13,2465000.0,2458513.6714235377
Smooth-MA,3,2486,2014-08-30,2489,2014-09-20,2447000.0,2462372.022022905
Smooth-MA,3,2487,2014-09-06,2490,2014-09-27,2427000.0,2427484.277594085
Smooth-MA,3,2488,2014-09-13,2491,2014-10-04,2441000.0,2441123.8380247145
Smooth-MA,3,2489,2014-09-20,2492,2014-10-11,2409000.0,2422625.0156938257
Smooth-MA,3,2490,2014-09-27,2493,2014-10-18,2437000.0,2403444.25562647
Smooth-MA,3,2491,2014-10-04,2494,2014-10-25,2406000.0,2417135.295112099
Smooth-MA,3,2492,2014-10-11,2495,2014-11-01,2436000.0,2385475.014150542
Smooth-MA,3,2493,2014-10-18,2496,2014-11-08,2384000.0,2413583.9728500033
Smooth-MA,3,2494,2014-10-25,2497,2014-11-15,2351000.0,2383095.56935727
Smooth-MA,3,2495,2014-11-01,2498,2014-11-22,2389000.0,2413852.213180908
Smooth-MA,3,2496,2014-11-08,2499,2014-11-29,2484000.0,2362294.3107633614
Smooth-MA,3,2497,2014-11-15,2500,2014-12-06,2381000.0,2329297.1142057963
Smooth-MA,3,2498,2014-11-22,2501,2014-12-13,2379000.0,2367595.1994793257
Smooth-MA,3,2499,2014-11-29,2502,2014-12-20,2338000.0,2464214.006319566
Smooth-MA,3,2500,2014-12-06,2503,2014-12-27,2422000.0,2362565.9267623923
Smooth-MA,3,2501,2014-12-13,2504,2015-01-03,2381000.0,2361485.48761809
Smooth-MA,3,2502,2014-12-20,2505,2015-01-10,2400000.0,2319772.357981603
Smooth-MA,3,2503,2014-12-27,2506,2015-01-17,2336000.0,2405000.202293876
Smooth-MA,3,2504,2015-01-03,2507,2015-01-24,2335000.0,2364468.3692462165
Smooth-MA,3,2505,2015-01-10,2508,2015-01-31,2297000.0,2384960.2026245953
Smooth-MA,3,2506,2015-01-17,2509,2015-02-07,2344000.0,2320622.350784604
Smooth-MA,3,2507,2015-01-24,2510,2015-02-14,2319000.0,2320411.8927407386
Smooth-MA,3,2508,2015-01-31,2511,2015-02-21,2341000.0,2282136.332862697
Smooth-MA,3,2509,2015-02-07,2512,2015-02-28,2357000.0,2330000.8669039626
Smooth-MA,3,2510,2015-02-14,2513,2015-03-07,2361000.0,2305531.28350214
Smooth-MA,3,2511,2015-02-21,2514,2015-03-14,2361000.0,2330152.819549518
Smooth-MA,3,2512,2015-02-28,2515,2015-03-21,2306000.0,2348168.189190703
Smooth-MA,3,2513,2015-03-07,2516,2015-03-28,2278000.0,2354932.214166965
Smooth-MA,3,2514,2015-03-14,2517,2015-04-04,2273000.0,2356290.234741844
Smooth-MA,3,2515,2015-03-21,2518,2015-04-11,2320000.0,2301277.5756123965
Smooth-MA,3,2516,2015-03-28,2519,2015-04-18,2279000.0,2272124.105834491
Smooth-MA,3,2517,2015-04-04,2520,2015-04-25,2254000.0,2265910.6370989676
Smooth-MA,3,2518,2015-04-11,2521,2015-05-02,2261000.0,2313830.139770011
Smooth-MA,3,2519,2015-04-18,2522,2015-05-09,2253000.0,2273168.9569463124
Smooth-MA,3,2520,2015-04-25,2523,2015-05-16,2258000.0,2249105.8290590453
Smooth-MA,3,2521,2015-05-02,2524,2015-05-23,2236000.0,2256341.230946587
Smooth-MA,3,2522,2015-05-09,2525,2015-05-30,2294000.0,2249487.8428695546
Smooth-MA,3,2523,2015-05-16,2526,2015-06-06,2250000.0,2253899.640975379
Smooth-MA,3,2524,2015-05-23,2527,2015-06-13,2268000.0,2231829.7307908502
Smooth-MA,3,2525,2015-05-30,2528,2015-06-20,2265000.0,2289968.897904925
Smooth-MA,3,2526,2015-06-06,2529,2015-06-27,2312000.0,2248112.5171032306
Smooth-MA,3,2527,2015-06-13,2530,2015-07-04,2233000.0,2266041.0008900054
Smooth-MA,3,2528,2015-06-20,2531,2015-07-11,2226000.0,2263401.728555789
Smooth-MA,3,2529,2015-06-27,2532,2015-07-18,2267000.0,2310774.111004544
Smooth-MA,3,2530,2015-07-04,2533,2015-07-25,2253000.0,2232878.40549291
Smooth-MA,3,2531,2015-07-11,2534,2015-08-01,2257000.0,2225129.15905464
Smooth-MA,3,2532,2015-07-18,2535,2015-08-08,2247000.0,2266272.9339966225
Smooth-MA,3,2533,2015-07-25,2536,2015-08-15,2256000.0,2252567.6048888466
Smooth-MA,3,2534,2015-08-01,2537,2015-08-22,2252000.0,2258834.675393861
arima,3,2475,2014-06-14,2478,2014-07-05,2540000.0,2593156.913133759
arima,3,2476,2014-06-21,2479,2014-07-12,2528000.0,2585259.1643745853
arima,3,2477,2014-06-28,2480,2014-07-19,2542000.0,2578467.391633651
arima,3,2478,2014-07-05,2481,2014-07-26,2524000.0,2544899.224501888
arima,3,2479,2014-07-12,2482,2014-08-02,2530000.0,2527238.778553222
arima,3,2480,2014-07-19,2483,2014-08-09,2508000.0,2540667.8816670342
arima,3,2481,2014-07-26,2484,2014-08-16,2517000.0,2526747.3490324877
arima,3,2482,2014-08-02,2485,2014-08-23,2483000.0,2528053.6618575444
arima,3,2483,2014-08-09,2486,2014-08-30,2486000.0,2511500.15520394
arima,3,2484,2014-08-16,2487,2014-09-06,2452000.0,2514357.922527889
arima,3,2485,2014-08-23,2488,2014-09-13,2465000.0,2488247.524397459
arima,3,2486,2014-08-30,2489,2014-09-20,2447000.0,2483291.740012753
arima,3,2487,2014-09-06,2490,2014-09-27,2427000.0,2457279.074423738
arima,3,2488,2014-09-13,2491,2014-10-04,2441000.0,2461078.8967702202
arima,3,2489,2014-09-20,2492,2014-10-11,2409000.0,2450911.1853874605
arima,3,2490,2014-09-27,2493,2014-10-18,2437000.0,2427638.342923567
arima,3,2491,2014-10-04,2494,2014-10-25,2406000.0,2439039.2752394313
arima,3,2492,2014-10-11,2495,2014-11-01,2436000.0,2413705.4985004193
arima,3,2493,2014-10-18,2496,2014-11-08,2384000.0,2431544.221377464
arima,3,2494,2014-10-25,2497,2014-11-15,2351000.0,2412152.1847202876
arima,3,2495,2014-11-01,2498,2014-11-22,2389000.0,2429653.2715193117
arima,3,2496,2014-11-08,2499,2014-11-29,2484000.0,2393079.3426514515
arima,3,2497,2014-11-15,2500,2014-12-06,2381000.0,2350894.694903744
arima,3,2498,2014-11-22,2501,2014-12-13,2379000.0,2384480.899737842
arima,3,2499,2014-11-29,2502,2014-12-20,2338000.0,2474674.180634633
arima,3,2500,2014-12-06,2503,2014-12-27,2422000.0,2397544.372584172
arima,3,2501,2014-12-13,2504,2015-01-03,2381000.0,2371862.440039005
arima,3,2502,2014-12-20,2505,2015-01-10,2400000.0,2346122.5733429533
arima,3,2503,2014-12-27,2506,2015-01-17,2336000.0,2408255.5747673633
arima,3,2504,2015-01-03,2507,2015-01-24,2335000.0,2392122.1599696493
arima,3,2505,2015-01-10,2508,2015-01-31,2297000.0,2392702.6251841537
arima,3,2506,2015-01-17,2509,2015-02-07,2344000.0,2347009.0607271884
arima,3,2507,2015-01-24,2510,2015-02-14,2319000.0,2330132.6000394626
arima,3,2508,2015-01-31,2511,2015-02-21,2341000.0,2303779.2783068926
arima,3,2509,2015-02-07,2512,2015-02-28,2357000.0,2335270.080642111
arima,3,2510,2015-02-14,2513,2015-03-07,2361000.0,2325982.0521955243
arima,3,2511,2015-02-21,2514,2015-03-14,2361000.0,2335171.8929902646
arima,3,2512,2015-02-28,2515,2015-03-21,2306000.0,2357735.2702349005
arima,3,2513,2015-03-07,2516,2015-03-28,2278000.0,2360184.6064131223
arima,3,2514,2015-03-14,2517,2015-04-04,2273000.0,2361371.8198992377
arima,3,2515,2015-03-21,2518,2015-04-11,2320000.0,2312425.7208466274
arima,3,2516,2015-03-28,2519,2015-04-18,2279000.0,2278424.1307552373
arima,3,2517,2015-04-04,2520,2015-04-25,2254000.0,2273405.1119530103
arima,3,2518,2015-04-11,2521,2015-05-02,2261000.0,2314189.959301255
arima,3,2519,2015-04-18,2522,2015-05-09,2253000.0,2286565.881694051
arima,3,2520,2015-04-25,2523,2015-05-16,2258000.0,2253541.734749618
arima,3,2521,2015-05-02,2524,2015-05-23,2236000.0,2260369.855456733
arima,3,2522,2015-05-09,2525,2015-05-30,2294000.0,2254245.4730531727
arima,3,2523,2015-05-16,2526,2015-06-06,2250000.0,2256833.4313066923
arima,3,2524,2015-05-23,2527,2015-06-13,2268000.0,2239166.07185487
arima,3,2525,2015-05-30,2528,2015-06-20,2265000.0,2285606.066113144
arima,3,2526,2015-06-06,2529,2015-06-27,2312000.0,2259104.5622904813
arima,3,2527,2015-06-13,2530,2015-07-04,2233000.0,2261694.581067914
arima,3,2528,2015-06-20,2531,2015-07-11,2226000.0,2268228.208213605
arima,3,2529,2015-06-27,2532,2015-07-18,2267000.0,2304880.714636253
arima,3,2530,2015-07-04,2533,2015-07-25,2253000.0,2245750.9308455223
arima,3,2531,2015-07-11,2534,2015-08-01,2257000.0,2221017.0718886615
arima,3,2532,2015-07-18,2535,2015-08-08,2247000.0,2264326.829667912
arima,3,2533,2015-07-25,2536,2015-08-15,2256000.0,2255900.333538307
arima,3,2534,2015-08-01,2537,2015-08-22,2252000.0,2255201.8964049825
ets,3,2475,2014-06-14,2478,2014-07-05,2540000.0,2534926.957989278
ets,3,2476,2014-06-21,2479,2014-07-12,2528000.0,2529167.3935447847
ets,3,2477,2014-06-28,2480,2014-07-19,2542000.0,2526449.4407970044
ets,3,2478,2014-07-05,2481,2014-07-26,2524000.0,2496000.9773634425
ets,3,2479,2014-07-12,2482,2014-08-02,2530000.0,2475797.1453166995
ets,3,2480,2014-07-19,2483,2014-08-09,2508000.0,2491238.3048526915
ets,3,2481,2014-07-26,2484,2014-08-16,2517000.0,2496464.805698763
ets,3,2482,2014-08-02,2485,2014-08-23,2483000.0,2501774.16794891
ets,3,2483,2014-08-09,2486,2014-08-30,2486000.0,2495864.3937581973
ets,3,2484,2014-08-16,2487,2014-09-06,2452000.0,2490630.4380056257
ets,3,2485,2014-08-23,2488,2014-09-13,2465000.0,2464708.941056358
ets,3,2486,2014-08-30,2489,2014-09-20,2447000.0,2447705.0537300706
ets,3,2487,2014-09-06,2490,2014-09-27,2427000.0,2415186.8929123688
ets,3,2488,2014-09-13,2491,2014-10-04,2441000.0,2423282.4545018305
ets,3,2489,2014-09-20,2492,2014-10-11,2409000.0,2409225.848182842
ets,3,2490,2014-09-27,2493,2014-10-18,2437000.0,2393634.5030516936
ets,3,2491,2014-10-04,2494,2014-10-25,2406000.0,2403301.4511145162
ets,3,2492,2014-10-11,2495,2014-11-01,2436000.0,2382081.275558031
ets,3,2493,2014-10-18,2496,2014-11-08,2384000.0,2416254.246740686
ets,3,2494,2014-10-25,2497,2014-11-15,2351000.0,2396586.065516387
ets,3,2495,2014-11-01,2498,2014-11-22,2389000.0,2427865.9223453393
ets,3,2496,2014-11-08,2499,2014-11-29,2484000.0,2372603.3082286865
ets,3,2497,2014-11-15,2500,2014-12-06,2381000.0,2324073.6480494146
ets,3,2498,2014-11-22,2501,2014-12-13,2379000.0,2341263.637994873
ets,3,2499,2014-11-29,2502,2014-12-20,2338000.0,2451888.088239822
ets,3,2500,2014-12-06,2503,2014-12-27,2422000.0,2396528.7058635075
ets,3,2501,2014-12-13,2504,2015-01-03,2381000.0,2367777.295734114
ets,3,2502,2014-12-20,2505,2015-01-10,2400000.0,2321519.044834343
ets,3,2503,2014-12-27,2506,2015-01-17,2336000.0,2384539.1664221752
ets,3,2504,2015-01-03,2507,2015-01-24,2335000.0,2379722.8781490154
ets,3,2505,2015-01-10,2508,2015-01-31,2297000.0,2404568.016516802
ets,3,2506,2015-01-17,2509,2015-02-07,2344000.0,2345926.420374289
ets,3,2507,2015-01-24,2510,2015-02-14,2319000.0,2327798.3209392503
ets,3,2508,2015-01-31,2511,2015-02-21,2341000.0,2267802.643841353
ets,3,2509,2015-02-07,2512,2015-02-28,2357000.0,2298628.7151403106
ets,3,2510,2015-02-14,2513,2015-03-07,2361000.0,2287560.149054178
ets,3,2511,2015-02-21,2514,2015-03-14,2361000.0,2308860.956516407
ets,3,2512,2015-02-28,2515,2015-03-21,2306000.0,2339094.34727163
ets,3,2513,2015-03-07,2516,2015-03-28,2278000.0,2356134.355158201
ets,3,2514,2015-03-14,2517,2015-04-04,2273000.0,2363192.4918587375
ets,3,2515,2015-03-21,2518,2015-04-11,2320000.0,2313637.9331820905
ets,3,2516,2015-03-28,2519,2015-04-18,2279000.0,2264509.374960593
ets,3,2517,2015-04-04,2520,2015-04-25,2254000.0,2248964.7482763715
ets,3,2518,2015-04-11,2521,2015-05-02,2261000.0,2285010.462449812
ets,3,2519,2015-04-18,2522,2015-05-09,2253000.0,2279887.346309381
ets,3,2520,2015-04-25,2523,2015-05-16,2258000.0,2230437.879516371
ets,3,2521,2015-05-02,2524,2015-05-23,2236000.0,2227987.6426345245
ets,3,2522,2015-05-09,2525,2015-05-30,2294000.0,2214921.7236156208
ets,3,2523,2015-05-16,2526,2015-06-06,2250000.0,2228861.43081093
ets,3,2524,2015-05-23,2527,2015-06-13,2268000.0,2212539.5902490965
ets,3,2525,2015-05-30,2528,2015-06-20,2265000.0,2266245.2515822565
ets,3,2526,2015-06-06,2529,2015-06-27,2312000.0,2249748.1152309678
ets,3,2527,2015-06-13,2530,2015-07-04,2233000.0,2259080.62972418
ets,3,2528,2015-06-20,2531,2015-07-11,2226000.0,2264155.550730805
ets,3,2529,2015-06-27,2532,2015-07-18,2267000.0,2318687.926517196
ets,3,2530,2015-07-04,2533,2015-07-25,2253000.0,2258831.66907646
ets,3,2531,2015-07-11,2534,2015-08-01,2257000.0,2233343.4907091036
ets,3,2532,2015-07-18,2535,2015-08-08,2247000.0,2246513.855608653
ets,3,2533,2015-07-25,2536,2015-08-15,2256000.0,2246622.66982871
ets,3,2534,2015-08-01,2537,2015-08-22,2252000.0,2244840.877088289
naive,3,2475,2014-06-14,2478,2014-07-05,2540000.0,2595000.0
naive,3,2476,2014-06-21,2479,2014-07-12,2528000.0,2583000.0
naive,3,2477,2014-06-28,2480,2014-07-19,2542000.0,2579000.0
naive,3,2478,2014-07-05,2481,2014-07-26,2524000.0,2540000.0
naive,3,2479,2014-07-12,2482,2014-08-02,2530000.0,2528000.0
naive,3,2480,2014-07-19,2483,2014-08-09,2508000.0,2542000.0
naive,3,2481,2014-07-26,2484,2014-08-16,2517000.0,2524000.0
naive,3,2482,2014-08-02,2485,2014-08-23,2483000.0,2530000.0
naive,3,2483,2014-08-09,2486,2014-08-30,2486000.0,2508000.0
naive,3,2484,2014-08-16,2487,2014-09-06,2452000.0,2517000.0
naive,3,2485,2014-08-23,2488,2014-09-13,2465000.0,2483000.0
naive,3,2486,2014-08-30,2489,2014-09-20,2447000.0,2486000.0
naive,3,2487,2014-09-06,2490,2014-09-27,2427000.0,2452000.0
naive,3,2488,2014-09-13,2491,2014-10-04,2441000.0,2465000.0
naive,3,2489,2014-09-20,2492,2014-10-11,2409000.0,2447000.0
naive,3,2490,2014-09-27,2493,2014-10-18,2437000.0,2427000.0
naive,3,2491,2014-10-04,2494,2014-10-25,2406000.0,2441000.0
naive,3,2492,2014-10-11,2495,2014-11-01,2436000.0,2409000.0
naive,3,2493,2014-10-18,2496,2014-11-08,2384000.0,2437000.0
naive,3,2494,2014-10-25,2497,2014-11-15,2351000.0,2406000.0
naive,3,2495,2014-11-01,2498,2014-11-22,2389000.0,2436000.0
naive,3,2496,2014-11-08,2499,2014-11-29,2484000.0,2384000.0
naive,3,2497,2014-11-15,2500,2014-12-06,2381000.0,2351000.0
naive,3,2498,2014-11-22,2501,2014-12-13,2379000.0,2389000.0
naive,3,2499,2014-11-29,2502,2014-12-20,2338000.0,2484000.0
naive,3,2500,2014-12-06,2503,2014-12-27,2422000.0,2381000.0
naive,3,2501,2014-12-13,2504,2015-01-03,2381000.0,2379000.0
naive,3,2502,2014-12-20,2505,2015-01-10,2400000.0,2338000.0
naive,3,2503,2014-12-27,2506,2015-01-17,2336000.0,2422000.0
naive,3,2504,2015-01-03,2507,2015-01-24,2335000.0,2381000.0
naive,3,2505,2015-01-10,2508,2015-01-31,2297000.0,2400000.0
naive,3,2506,2015-01-17,2509,2015-02-07,2344000.0,2336000.0
naive,3,2507,2015-01-24,2510,2015-02-14,2319000.0,2335000.0
naive,3,2508,2015-01-31,2511,2015-02-21,2341000.0,2297000.0
naive,3,2509,2015-02-07,2512,2015-02-28,2357000.0,2344000.0
naive,3,2510,2015-02-14,2513,2015-03-07,2361000.0,2319000.0
naive,3,2511,2015-02-21,2514,2015-03-14,2361000.0,2341000.0
naive,3,2512,2015-02-28,2515,2015-03-21,2306000.0,2357000.0
naive,3,2513,2015-03-07,2516,2015-03-28,2278000.0,2361000.0
naive,3,2514,2015-03-14,2517,2015-04-04,2273000.0,2361000.0
naive,3,2515,2015-03-21,2518,2015-04-11,2320000.0,2306000.0
naive,3,2516,2015-03-28,2519,2015-04-18,2279000.0,2278000.0
naive,3,2517,2015-04-04,2520,2015-04-25,2254000.0,2273000.0
naive,3,2518,2015-04-11,2521,2015-05-02,2261000.0,2320000.0
naive,3,2519,2015-04-18,2522,2015-05-09,2253000.0,2279000.0
naive,3,2520,2015-04-25,2523,2015-05-16,2258000.0,2254000.0
naive,3,2521,2015-05-02,2524,2015-05-23,2236000.0,2261000.0
naive,3,2522,2015-05-09,2525,2015-05-30,2294000.0,2253000.0
naive,3,2523,2015-05-16,2526,2015-06-06,2250000.0,2258000.0
naive,3,2524,2015-05-23,2527,2015-06-13,2268000.0,2236000.0
naive,3,2525,2015-05-30,2528,2015-06-20,2265000.0,2294000.0
naive,3,2526,2015-06-06,2529,2015-06-27,2312000.0,2250000.0
naive,3,2527,2015-06-13,2530,2015-07-04,2233000.0,2268000.0
naive,3,2528,2015-06-20,2531,2015-07-11,2226000.0,2265000.0
naive,3,2529,2015-06-27,2532,2015-07-18,2267000.0,2312000.0
naive,3,2530,2015-07-04,2533,2015-07-25,2253000.0,2233000.0
naive,3,2531,2015-07-11,2534,2015-08-01,2257000.0,2226000.0
naive,3,2532,2015-07-18,2535,2015-08-08,2247000.0,2267000.0
naive,3,2533,2015-07-25,2536,2015-08-15,2256000.0,2253000.0
naive,3,2534,2015-08-01,2537,2015-08-22,2252000.0,2257000.0
sarima,3,2475,2014-06-14,2478,2014-07-05,2540000.0,2548466.5082824766
sarima,3,2476,2014-06-21,2479,2014-07-12,2528000.0,2567815.699847524
sarima,3,2477,2014-06-28,2480,2014-07-19,2542000.0,2543711.8369453424
sarima,3,2478,2014-07-05,2481,2014-07-26,2524000.0,2527112.2570011504
sarima,3,2479,2014-07-12,2482,2014-08-02,2530000.0,2487087.4635465425
sarima,3,2480,2014-07-19,2483,2014-08-09,2508000.0,2480286.8141504317
sarima,3,2481,2014-07-26,2484,2014-08-16,2517000.0,2493093.378603762
sarima,3,2482,2014-08-02,2485,2014-08-23,2483000.0,2525971.438254752
sarima,3,2483,2014-08-09,2486,2014-08-30,2486000.0,2503774.99055496
sarima,3,2484,2014-08-16,2487,2014-09-06,2452000.0,2502588.479998549
sarima,3,2485,2014-08-23,2488,2014-09-13,2465000.0,2448918.128489122
sarima,3,2486,2014-08-30,2489,2014-09-20,2447000.0,2469682.8684382746
sarima,3,2487,2014-09-06,2490,2014-09-27,2427000.0,2410648.6578350547
sarima,3,2488,2014-09-13,2491,2014-10-04,2441000.0,2433858.4001276447
sarima,3,2489,2014-09-20,2492,2014-10-11,2409000.0,2415191.7594335587
sarima,3,2490,2014-09-27,2493,2014-10-18,2437000.0,2409242.812928933
sarima,3,2491,2014-10-04,2494,2014-10-25,2406000.0,2408200.3346329825
sarima,3,2492,2014-10-11,2495,2014-11-01,2436000.0,2361896.651654515
sarima,3,2493,2014-10-18,2496,2014-11-08,2384000.0,2402853.0276902393
sarima,3,2494,2014-10-25,2497,2014-11-15,2351000.0,2399627.617374975
sarima,3,2495,2014-11-01,2498,2014-11-22,2389000.0,2417025.6177624715
sarima,3,2496,2014-11-08,2499,2014-11-29,2484000.0,2369304.5932540335
sarima,3,2497,2014-11-15,2500,2014-12-06,2381000.0,2317057.9070645315
sarima,3,2498,2014-11-22,2501,2014-12-13,2379000.0,2362949.854062841
sarima,3,2499,2014-11-29,2502,2014-12-20,2338000.0,2428739.9655435947
sarima,3,2500,2014-12-06,2503,2014-12-27,2422000.0,2374562.435109537
sarima,3,2501,2014-12-13,2504,2015-01-03,2381000.0,2336287.4030127926
sarima,3,2502,2014-12-20,2505,2015-01-10,2400000.0,2333174.3728094036
sarima,3,2503,2014-12-27,2506,2015-01-17,2336000.0,2376302.8557918877
sarima,3,2504,2015-01-03,2507,2015-01-24,2335000.0,2357537.701177569
sarima,3,2505,2015-01-10,2508,2015-01-31,2297000.0,2360896.468176819
sarima,3,2506,2015-01-17,2509,2015-02-07,2344000.0,2322506.004963005
sarima,3,2507,2015-01-24,2510,2015-02-14,2319000.0,2312135.0887747277
sarima,3,2508,2015-01-31,2511,2015-02-21,2341000.0,2308005.079082231
sarima,3,2509,2015-02-07,2512,2015-02-28,2357000.0,2314987.943842761
sarima,3,2510,2015-02-14,2513,2015-03-07,2361000.0,2309838.9369902145
sarima,3,2511,2015-02-21,2514,2015-03-14,2361000.0,2269985.1326664193
sarima,3,2512,2015-02-28,2515,2015-03-21,2306000.0,2342444.2407514974
sarima,3,2513,2015-03-07,2516,2015-03-28,2278000.0,2334625.1525644506
sarima,3,2514,2015-03-14,2517,2015-04-04,2273000.0,2365102.4699802464
sarima,3,2515,2015-03-21,2518,2015-04-11,2320000.0,2273462.5809266837
sarima,3,2516,2015-03-28,2519,2015-04-18,2279000.0,2239774.71997268
sarima,3,2517,2015-04-04,2520,2015-04-25,2254000.0,2224392.84361127
sarima,3,2518,2015-04-11,2521,2015-05-02,2261000.0,2293350.174864681
sarima,3,2519,2015-04-18,2522,2015-05-09,2253000.0,2269615.488864577
sarima,3,2520,2015-04-25,2523,2015-05-16,2258000.0,2267501.3076401977
sarima,3,2521,2015-05-02,2524,2015-05-23,2236000.0,2250066.3938428084
sarima,3,2522,2015-05-09,2525,2015-05-30,2294000.0,2251620.0725329616
sarima,3,2523,2015-05-16,2526,2015-06-06,2250000.0,2213770.16544532
sarima,3,2524,2015-05-23,2527,2015-06-13,2268000.0,2216789.804692973
sarima,3,2525,2015-05-30,2528,2015-06-20,2265000.0,2244063.2102577197
sarima,3,2526,2015-06-06,2529,2015-06-27,2312000.0,2240645.094681965
sarima,3,2527,2015-06-13,2530,2015-07-04,2233000.0,2233169.865377931
sarima,3,2528,2015-06-20,2531,2015-07-11,2226000.0,2237051.213015463
sarima,3,2529,2015-06-27,2532,2015-07-18,2267000.0,2262828.0723668607
sarima,3,2530,2015-07-04,2533,2015-07-25,2253000.0,2219647.718767335
sarima,3,2531,2015-07-11,2534,2015-08-01,2257000.0,2200807.107445176
sarima,3,2532,2015-07-18,2535,2015-08-08,2247000.0,2271847.839548103
sarima,3,2533,2015-07-25,2536,2015-08-15,2256000.0,2243642.614850702
sarima,3,2534,2015-08-01,2537,2015-08-22,2252000.0,2262763.46967897
Filter,6,2475,2014-06-14,2481,2014-07-26,2524000.0,2597092.9179572165
Filter,6,2476,2014-06-21,2482,2014-08-02,2530000.0,2583465.649454582
Filter,6,2477,2014-06-28,2483,2014-08-09,2508000.0,2580684.3562944187
Filter,6,2478,2014-07-05,2484,2014-08-16,2517000.0,2543068.5468108533
Filter,6,2479,2014-07-12,2485,2014-08-23,2483000.0,2531258.268766103
Filter,6,2480,2014-07-19,2486,2014-08-30,2486000.0,2545641.160344003
Filter,6,2481,2014-07-26,2487,2014-09-06,2452000.0,2527331.868401656
Filter,6,2482,2014-08-02,2488,2014-09-13,2465000.0,2535366.9249122664
Filter,6,2483,2014-08-09,2489,2014-09-20,2447000.0,2514154.5817960664
Filter,6,2484,2014-08-16,2490,2014-09-27,2427000.0,2523820.646293687
Filter,6,2485,2014-08-23,2491,2014-10-04,2441000.0,2488728.1105689853
Filter,6,2486,2014-08-30,2492,2014-10-11,2409000.0,2494263.1747422586
Filter,6,2487,2014-09-06,2493,2014-10-18,2437000.0,2459004.8894652175
Filter,6,2488,2014-09-13,2494,2014-10-25,2406000.0,2473908.320049376
Filter,6,2489,2014-09-20,2495,2014-11-01,2436000.0,2455803.6979451487
Filter,6,2490,2014-09-27,2496,2014-11-08,2384000.0,2436507.3380946764
Filter,6,2491,2014-10-04,2497,2014-11-15,2351000.0,2450156.7656745184
Filter,6,2492,2014-10-11,2498,2014-11-22,2389000.0,2418778.2306061797
Filter,6,2493,2014-10-18,2499,2014-11-29,2484000.0,2448045.0958241536
Filter,6,2494,2014-10-25,2500,2014-12-06,2381000.0,2417059.289665986
Filter,6,2495,2014-11-01,2501,2014-12-13,2379000.0,2448546.9690457834
Filter,6,2496,2014-11-08,2502,2014-12-20,2338000.0,2396364.7046871483
Filter,6,2497,2014-11-15,2503,2014-12-27,2422000.0,2362667.676562205
Filter,6,2498,2014-11-22,2504,2015-01-03,2381000.0,2403421.998870422
Filter,6,2499,2014-11-29,2505,2015-01-10,2400000.0,2500041.927459147
Filter,6,2500,2014-12-06,2506,2015-01-17,2336000.0,2396325.1264604214
Filter,6,2501,2014-12-13,2507,2015-01-24,2335000.0,2394418.8149696128
Filter,6,2502,2014-12-20,2508,2015-01-31,2297000.0,2352677.8781197756
Filter,6,2503,2014-12-27,2509,2015-02-07,2344000.0,2439455.148555506
Filter,6,2504,2015-01-03,2510,2015-02-14,2319000.0,2397983.0491284495
Filter,6,2505,2015-01-10,2511,2015-02-21,2341000.0,2418257.918949686
Filter,6,2506,2015-01-17,2512,2015-02-28,2357000.0,2352557.242590722
Filter,6,2507,2015-01-24,2513,2015-03-07,2361000.0,2350504.1349308793
Filter,6,2508,2015-01-31,2514,2015-03-14,2361000.0,2312699.4620697913
Filter,6,2509,2015-02-07,2515,2015-03-21,2306000.0,2361459.1148985326
Filter,6,2510,2015-02-14,2516,2015-03-28,2278000.0,2336549.1683197194
Filter,6,2511,2015-02-21,2517,2015-04-04,2273000.0,2359053.469221812
Filter,6,2512,2015-02-28,2518,2015-04-11,2320000.0,2376096.6130792815
Filter,6,2513,2015-03-07,2519,2015-04-18,2279000.0,2380637.936088705
Filter,6,2514,2015-03-14,2520,2015-04-25,2254000.0,2382437.478995889
Filter,6,2515,2015-03-21,2521,2015-05-02,2261000.0,2325732.6793836243
Filter,6,2516,2015-03-28,2522,2015-05-09,2253000.0,2297764.562679495
Filter,6,2517,2015-04-04,2523,2015-05-16,2258000.0,2291168.715459148
Filter,6,2518,2015-04-11,2524,2015-05-23,2236000.0,2339735.2030238584
Filter,6,2519,2015-04-18,2525,2015-05-30,2294000.0,2297370.859477724
Filter,6,2520,2015-04-25,2526,2015-06-06,2250000.0,2272813.71257323
Filter,6,2521,2015-05-02,2527,2015-06-13,2268000.0,2280521.665575972
Filter,6,2522,2015-05-09,2528,2015-06-20,2265000.0,2271842.1830706494
Filter,6,2523,2015-05-16,2529,2015-06-27,2312000.0,2275342.783365138
Filter,6,2524,2015-05-23,2530,2015-07-04,2233000.0,2254947.722664116
Filter,6,2525,2015-05-30,2531,2015-07-11,2226000.0,2314520.3733156836
Filter,6,2526,2015-06-06,2532,2015-07-18,2267000.0,2270128.5596452826
Filter,6,2527,2015-06-13,2533,2015-07-25,2253000.0,2287658.500051783
Filter,6,2528,2015-06-20,2534,2015-08-01,2257000.0,2286262.8117096666
Filter,6,2529,2015-06-27,2535,2015-08-08,2247000.0,2334386.964854498
Filter,6,2530,2015-07-04,2536,2015-08-15,2256000.0,2254544.687940322
Filter,6,2531,2015-07-11,2537,2015-08-22,2252000.0,2246210.56269771
Filter,6,2532,2015-07-18,2538,2015-08-29,2258000.0,2289311.643564554
Filter,6,2533,2015-07-25,2539,2015-09-05,2243000.0,2273637.842448562
Filter,6,2534,2015-08-01,2540,2015-09-12,2255000.0,2279212.476271643
Filter+ES,6,2475,2014-06-14,2481,2014-07-26,2524000.0,2597094.8117770464
Filter+ES,6,2476,2014-06-21,2482,2014-08-02,2530000.0,2584807.472017837
Filter+ES,6,2477,2014-06-28,2483,2014-08-09,2508000.0,2580925.2309988597
Filter+ES,6,2478,2014-07-05,2484,2014-08-16,2517000.0,2542249.209306953
Filter+ES,6,2479,2014-07-12,2485,2014-08-23,2483000.0,2530715.8713571676
Filter+ES,6,2480,2014-07-19,2486,2014-08-30,2486000.0,2545202.140653653
Filter+ES,6,2481,2014-07-26,2487,2014-09-06,2452000.0,2527459.3209506916
Filter+ES,6,2482,2014-08-02,2488,2014-09-13,2465000.0,2534076.954656506
Filter+ES,6,2483,2014-08-09,2489,2014-09-20,2447000.0,2512749.2149306247
Filter+ES,6,2484,2014-08-16,2490,2014-09-27,2427000.0,2522569.931937347
Filter+ES,6,2485,2014-08-23,2491,2014-10-04,2441000.0,2488799.0645229807
Filter+ES,6,2486,2014-08-30,2492,2014-10-11,2409000.0,2492706.3262628275
Filter+ES,6,2487,2014-09-06,2493,2014-10-18,2437000.0,2459022.1931815
Filter+ES,6,2488,2014-09-13,2494,2014-10-25,2406000.0,2472807.938810995
Filter+ES,6,2489,2014-09-20,2495,2014-11-01,2436000.0,2455378.316372745
Filter+ES,6,2490,2014-09-27,2496,2014-11-08,2384000.0,2435996.8043678273
Filter+ES,6,2491,2014-10-04,2497,2014-11-15,2351000.0,2450311.633935246
Filter+ES,6,2492,2014-10-11,2498,2014-11-22,2389000.0,2418730.2509314097
Filter+ES,6,2493,2014-10-18,2499,2014-11-29,2484000.0,2447437.4324586405
Filter+ES,6,2494,2014-10-25,2500,2014-12-06,2381000.0,2416789.4170712605
Filter+ES,6,2495,2014-11-01,2501,2014-12-13,2379000.0,2447458.9575673034
Filter+ES,6,2496,2014-11-08,2502,2014-12-20,2338000.0,2395769.6377297095
Filter+ES,6,2497,2014-11-15,2503,2014-12-27,2422000.0,2362869.3716430534
Filter+ES,6,2498,2014-11-22,2504,2015-01-03,2381000.0,2401561.0582807665
Filter+ES,6,2499,2014-11-29,2505,2015-01-10,2400000.0,2497611.927789901
Filter+ES,6,2500,2014-12-06,2506,2015-01-17,2336000.0,2395070.2561611403
Filter+ES,6,2501,2014-12-13,2507,2015-01-24,2335000.0,2393310.96523807
Filter+ES,6,2502,2014-12-20,2508,2015-01-31,2297000.0,2352407.733111381
Filter+ES,6,2503,2014-12-27,2509,2015-02-07,2344000.0,2437128.160480874
Filter+ES,6,2504,2015-01-03,2510,2015-02-14,2319000.0,2396607.900566531
Filter+ES,6,2505,2015-01-10,2511,2015-02-21,2341000.0,2416277.3887591492
Filter+ES,6,2506,2015-01-17,2512,2015-02-28,2357000.0,2352201.7841589893
Filter+ES,6,2507,2015-01-24,2513,2015-03-07,2361000.0,2350825.5133229117
Filter+ES,6,2508,2015-01-31,2514,2015-03-14,2361000.0,2312621.451512103
Filter+ES,6,2509,2015-02-07,2515,2015-03-21,2306000.0,2360056.746762764
Filter+ES,6,2510,2015-02-14,2516,2015-03-28,2278000.0,2335304.8872845965
Filter+ES,6,2511,2015-02-21,2517,2015-04-04,2273000.0,2357477.152971909
Filter+ES,6,2512,2015-02-28,2518,2015-04-11,2320000.0,2373933.709564642
Filter+ES,6,2513,2015-03-07,2519,2015-04-18,2279000.0,2378351.378561236
Filter+ES,6,2514,2015-03-14,2520,2015-04-25,2254000.0,2379120.378377644
Filter+ES,6,2515,2015-03-21,2521,2015-05-02,2261000.0,2324221.803435047
Filter+ES,6,2516,2015-03-28,2522,2015-05-09,2253000.0,2296316.8997780825
Filter+ES,6,2517,2015-04-04,2523,2015-05-16,2258000.0,2290968.2538673948
Filter+ES,6,2518,2015-04-11,2524,2015-05-23,2236000.0,2338252.9937105426
Filter+ES,6,2519,2015-04-18,2525,2015-05-30,2294000.0,2296999.4179911776
Filter+ES,6,2520,2015-04-25,2526,2015-06-06,2250000.0,2271835.0544795883
Filter+ES,6,2521,2015-05-02,2527,2015-06-13,2268000.0,2278927.5182169224
Filter+ES,6,2522,2015-05-09,2528,2015-06-20,2265000.0,2270780.597897414
Filter+ES,6,2523,2015-05-16,2529,2015-06-27,2312000.0,2275276.7633675234
Filter+ES,6,2524,2015-05-23,2530,2015-07-04,2233000.0,2253379.9710999797
Filter+ES,6,2525,2015-05-30,2531,2015-07-11,2226000.0,2311886.4948976147
Filter+ES,6,2526,2015-06-06,2532,2015-07-18,2267000.0,2268135.3284398224
Filter+ES,6,2527,2015-06-13,2533,2015-07-25,2253000.0,2286154.584817287
Filter+ES,6,2528,2015-06-20,2534,2015-08-01,2257000.0,2283619.4009924773
Filter+ES,6,2529,2015-06-27,2535,2015-08-08,2247000.0,2331288.361792232
Filter+ES,6,2530,2015-07-04,2536,2015-08-15,2256000.0,2252528.752689996
Filter+ES,6,2531,2015-07-11,2537,2015-08-22,2252000.0,2245263.352038068
Filter+ES,6,2532,2015-07-18,2538,2015-08-29,2258000.0,2286692.410105354
Filter+ES,6,2533,2015-07-25,2539,2015-09-05,2243000.0,2272509.5486159557
Filter+ES,6,2534,2015-08-01,2540,2015-09-12,2255000.0,2276791.9042946687
Filter+MA,6,2475,2014-06-14,2481,2014-07-26,2524000.0,2596751.601063891
Filter+MA,6,2476,2014-06-21,2482,2014-08-02,2530000.0,2584722.644580485
Filter+MA,6,2477,2014-06-28,2483,2014-08-09,2508000.0,2580342.1938290633
Filter+MA,6,2478,2014-07-05,2484,2014-08-16,2517000.0,2541508.8892016634
Filter+MA,6,2479,2014-07-12,2485,2014-08-23,2483000.0,2530360.8814769457
Filter+MA,6,2480,2014-07-19,2486,2014-08-30,2486000.0,2544994.7946236455
Filter+MA,6,2481,2014-07-26,2487,2014-09-06,2452000.0,2527027.253257186
Filter+MA,6,2482,2014-08-02,2488,2014-09-13,2465000.0,2533485.7799455766
Filter+MA,6,2483,2014-08-09,2489,2014-09-20,2447000.0,2512128.1662470503
Filter+MA,6,2484,2014-08-16,2490,2014-09-27,2427000.0,2522130.0557784205
Filter+MA,6,2485,2014-08-23,2491,2014-10-04,2441000.0,2488248.2266489114
Filter+MA,6,2486,2014-08-30,2492,2014-10-11,2409000.0,2491950.465502524
Filter+MA,6,2487,2014-09-06,2493,2014-10-18,2437000.0,2457935.179826705
Filter+MA,6,2488,2014-09-13,2494,2014-10-25,2406000.0,2472045.265529646
Filter+MA,6,2489,2014-09-20,2495,2014-11-01,2436000.0,2454309.994954292
Filter+MA,6,2490,2014-09-27,2496,2014-11-08,2384000.0,2435338.1124737556
Filter+MA,6,2491,2014-10-04,2497,2014-11-15,2351000.0,2449318.8168687224
Filter+MA,6,2492,2014-10-11,2498,2014-11-22,2389000.0,2417625.6767018284
Filter+MA,6,2493,2014-10-18,2499,2014-11-29,2484000.0,2445975.218308661
Filter+MA,6,2494,2014-10-25,2500,2014-12-06,2381000.0,2415603.4085889934
Filter+MA,6,2495,2014-11-01,2501,2014-12-13,2379000.0,2446479.412494755
Filter+MA,6,2496,2014-11-08,2502,2014-12-20,2338000.0,2394871.8276545377
Filter+MA,6,2497,2014-11-15,2503,2014-12-27,2422000.0,2362126.037552925
Filter+MA,6,2498,2014-11-22,2504,2015-01-03,2381000.0,2400533.258940469
Filter+MA,6,2499,2014-11-29,2505,2015-01-10,2400000.0,2496785.2155031417
Filter+MA,6,2500,2014-12-06,2506,2015-01-17,2336000.0,2394869.3935764655
Filter+MA,6,2501,2014-12-13,2507,2015-01-24,2335000.0,2393249.085928231
Filter+MA,6,2502,2014-12-20,2508,2015-01-31,2297000.0,2351861.009773375
Filter+MA,6,2503,2014-12-27,2509,2015-02-07,2344000.0,2436607.885241206
Filter+MA,6,2504,2015-01-03,2510,2015-02-14,2319000.0,2396255.4234299962
Filter+MA,6,2505,2015-01-10,2511,2015-02-21,2341000.0,2416325.5427786675
Filter+MA,6,2506,2015-01-17,2512,2015-02-28,2357000.0,2351992.5573850083
Filter+MA,6,2507,2015-01-24,2513,2015-03-07,2361000.0,2350552.410991722
Filter+MA,6,2508,2015-01-31,2514,2015-03-14,2361000.0,2311749.3137011384
Filter+MA,6,2509,2015-02-07,2515,2015-03-21,2306000.0,2359044.339884444
Filter+MA,6,2510,2015-02-14,2516,2015-03-28,2278000.0,2334600.2860596427
Filter+MA,6,2511,2015-02-21,2517,2015-04-04,2273000.0,2357061.964029361
Filter+MA,6,2512,2015-02-28,2518,2015-04-11,2320000.0,2373432.834536856
Filter+MA,6,2513,2015-03-07,2519,2015-04-18,2279000.0,2377894.534299668
Filter+MA,6,2514,2015-03-14,2520,2015-04-25,2254000.0,2378874.961992506
Filter+MA,6,2515,2015-03-21,2521,2015-05-02,2261000.0,2323978.453035178
Filter+MA,6,2516,2015-03-28,2522,2015-05-09,2253000.0,2296062.4697694504
Filter+MA,6,2517,2015-04-04,2523,2015-05-16,2258000.0,2290174.5755518456
Filter+MA,6,2518,2015-04-11,2524,2015-05-23,2236000.0,2337243.9821961983
Filter+MA,6,2519,2015-04-18,2525,2015-05-30,2294000.0,2295820.9477399713
Filter+MA,6,2520,2015-04-25,2526,2015-06-06,2250000.0,2270904.079674645
Filter+MA,6,2521,2015-05-02,2527,2015-06-13,2268000.0,2277582.0736415186
Filter+MA,6,2522,2015-05-09,2528,2015-06-20,2265000.0,2269581.2106350134
Filter+MA,6,2523,2015-05-16,2529,2015-06-27,2312000.0,2274208.6882110275
Filter+MA,6,2524,2015-05-23,2530,2015-07-04,2233000.0,2252001.3835878978
Filter+MA,6,2525,2015-05-30,2531,2015-07-11,2226000.0,2310540.6057431027
Filter+MA,6,2526,2015-06-06,2532,2015-07-18,2267000.0,2267279.199835383
Filter+MA,6,2527,2015-06-13,2533,2015-07-25,2253000.0,2285541.5233025006
Filter+MA,6,2528,2015-06-20,2534,2015-08-01,2257000.0,2282720.69740047
Filter+MA,6,2529,2015-06-27,2535,2015-08-08,2247000.0,2330374.716855283
Filter+MA,6,2530,2015-07-04,2536,2015-08-15,2256000.0,2251887.82652579
Filter+MA,6,2531,2015-07-11,2537,2015-08-22,2252000.0,2244565.188492951
Filter+MA,6,2532,2015-07-18,2538,2015-08-29,2258000.0,2285556.955062206
Filter+MA,6,2533,2015-07-25,2539,2015-09-05,2243000.0,2271334.866004409
Filter+MA,6,2534,2015-08-01,2540,2015-09-12,2255000.0,2275894.0506333094
Raw,6,2475,2014-06-14,2481,2014-07-26,2524000.0,2560299.0998194437
Raw,6,2476,2014-06-21,2482,2014-08-02,2530000.0,2544874.8992222333
Raw,6,2477,2014-06-28,2483,2014-08-09,2508000.0,2540552.5706513226
Raw,6,2478,2014-07-05,2484,2014-08-16,2517000.0,2499780.1122008082
Raw,6,2479,2014-07-12,2485,2014-08-23,2483000.0,2485237.721189482
Raw,6,2480,2014-07-19,2486,2014-08-30,2486000.0,2501360.9264049027
Raw,6,2481,2014-07-26,2487,2014-09-06,2452000.0,2481258.0715802433
Raw,6,2482,2014-08-02,2488,2014-09-13,2465000.0,2490727.819742983
Raw,6,2483,2014-08-09,2489,2014-09-20,2447000.0,2466247.621862043
Raw,6,2484,2014-08-16,2490,2014-09-27,2427000.0,2478144.2203815323
Raw,6,2485,2014-08-23,2491,2014-10-04,2441000.0,2439905.7208436513
Raw,6,2486,2014-08-30,2492,2014-10-11,2409000.0,2446129.1896147486
Raw,6,2487,2014-09-06,2493,2014-10-18,2437000.0,2407662.8912285594
Raw,6,2488,2014-09-13,2494,2014-10-25,2406000.0,2425209.457936929
Raw,6,2489,2014-09-20,2495,2014-11-01,2436000.0,2405661.7865291936
Raw,6,2490,2014-09-27,2496,2014-11-08,2384000.0,2388204.9969608374
Raw,6,2491,2014-10-04,2497,2014-11-15,2351000.0,2401000.837010949
Raw,6,2492,2014-10-11,2498,2014-11-22,2389000.0,2369828.5997248176
Raw,6,2493,2014-10-18,2499,2014-11-29,2484000.0,2400037.268735922
Raw,6,2494,2014-10-25,2500,2014-12-06,2381000.0,2369523.681866825
Raw,6,2495,2014-11-01,2501,2014-12-13,2379000.0,2404006.416604173
Raw,6,2496,2014-11-08,2502,2014-12-20,2338000.0,2349612.0835118387
Raw,6,2497,2014-11-15,2503,2014-12-27,2422000.0,2315144.7196538527
Raw,6,2498,2014-11-22,2504,2015-01-03,2381000.0,2357674.6952800993
Raw,6,2499,2014-11-29,2505,2015-01-10,2400000.0,2461749.1367604965
Raw,6,2500,2014-12-06,2506,2015-01-17,2336000.0,2354334.5228749816
Raw,6,2501,2014-12-13,2507,2015-01-24,2335000.0,2353015.903558753
Raw,6,2502,2014-12-20,2508,2015-01-31,2297000.0,2309563.1322860518
Raw,6,2503,2014-12-27,2509,2015-02-07,2344000.0,2400779.908678755
Raw,6,2504,2015-01-03,2510,2015-02-14,2319000.0,2358283.0587651897
Raw,6,2505,2015-01-10,2511,2015-02-21,2341000.0,2380706.9019556656
Raw,6,2506,2015-01-17,2512,2015-02-28,2357000.0,2312684.7577126673
Raw,6,2507,2015-01-24,2513,2015-03-07,2361000.0,2312546.744300654
Raw,6,2508,2015-01-31,2514,2015-03-14,2361000.0,2272771.9147615614
Raw,6,2509,2015-02-07,2515,2015-03-21,2306000.0,2325957.714380927
Raw,6,2510,2015-02-14,2516,2015-03-28,2278000.0,2302154.8395202165
Raw,6,2511,2015-02-21,2517,2015-04-04,2273000.0,2330312.448683414
Raw,6,2512,2015-02-28,2518,2015-04-11,2320000.0,2348734.8153216424
Raw,6,2513,2015-03-07,2519,2015-04-18,2279000.0,2357505.071790531
Raw,6,2514,2015-03-14,2520,2015-04-25,2254000.0,2358932.618576938
Raw,6,2515,2015-03-21,2521,2015-05-02,2261000.0,2299838.1038288632
Raw,6,2516,2015-03-28,2522,2015-05-09,2253000.0,2272645.097724574
Raw,6,2517,2015-04-04,2523,2015-05-16,2258000.0,2266697.6026650616
Raw,6,2518,2015-04-11,2524,2015-05-23,2236000.0,2319777.016029276
Raw,6,2519,2015-04-18,2525,2015-05-30,2294000.0,2275517.7346675405
Raw,6,2520,2015-04-25,2526,2015-06-06,2250000.0,2252593.0909667527
Raw,6,2521,2015-05-02,2527,2015-06-13,2268000.0,2262172.789574935
Raw,6,2522,2015-05-09,2528,2015-06-20,2265000.0,2254488.887500399
Raw,6,2523,2015-05-16,2529,2015-06-27,2312000.0,2253970.804295146
Raw,6,2524,2015-05-23,2530,2015-07-04,2233000.0,2237338.2383825835
Raw,6,2525,2015-05-30,2531,2015-07-11,2226000.0,2297567.364570608
Raw,6,2526,2015-06-06,2532,2015-07-18,2267000.0,2255811.5933724656
Raw,6,2527,2015-06-13,2533,2015-07-25,2253000.0,2269643.2349061905
Raw,6,2528,2015-06-20,2534,2015-08-01,2257000.0,2271039.276717378
Raw,6,2529,2015-06-27,2535,2015-08-08,2247000.0,2321405.2047617324
Raw,6,2530,2015-07-04,2536,2015-08-15,2256000.0,2239977.8660292095
Raw,6,2531,2015-07-11,2537,2015-08-22,2252000.0,2227921.184021387
Raw,6,2532,2015-07-18,2538,2015-08-29,2258000.0,2277139.5295869852
Raw,6,2533,2015-07-25,2539,2015-09-05,2243000.0,2260062.669494159
Raw,6,2534,2015-08-01,2540,2015-09-12,2255000.0,2268825.9728765483
STL+TCN,6,2475,2014-06-14,2481,2014-07-26,2524000.0,2574747.5149032534
STL+TCN,6,2476,2014-06-21,2482,2014-08-02,2530000.0,2540797.078423668
STL+TCN,6,2477,2014-06-28,2483,2014-08-09,2508000.0,2537273.2978863637
STL+TCN,6,2478,2014-07-05,2484,2014-08-16,2517000.0,2500481.0438499628
STL+TCN,6,2479,2014-07-12,2485,2014-08-23,2483000.0,2488295.1808928945
STL+TCN,6,2480,2014-07-19,2486,2014-08-30,2486000.0,2516607.726359516
STL+TCN,6,2481,2014-07-26,2487,2014-09-06,2452000.0,2483113.5974077806
STL+TCN,6,2482,2014-08-02,2488,2014-09-13,2465000.0,2503423.6150033684
STL+TCN,6,2483,2014-08-09,2489,2014-09-20,2447000.0,2480721.5856868457
STL+TCN,6,2484,2014-08-16,2490,2014-09-27,2427000.0,2486524.8473414457
STL+TCN,6,2485,2014-08-23,2491,2014-10-04,2441000.0,2449760.8468766287
STL+TCN,6,2486,2014-08-30,2492,2014-10-11,2409000.0,2440211.379240843
STL+TCN,6,2487,2014-09-06,2493,2014-10-18,2437000.0,2417785.7149437102
STL+TCN,6,2488,2014-09-13,2494,2014-10-25,2406000.0,2423062.725198409
STL+TCN,6,2489,2014-09-20,2495,2014-11-01,2436000.0,2403769.0459207157
STL+TCN,6,2490,2014-09-27,2496,2014-11-08,2384000.0,2389954.1897773077
STL+TCN,6,2491,2014-10-04,2497,2014-11-15,2351000.0,2403695.8557535573
STL+TCN,6,2492,2014-10-11,2498,2014-11-22,2389000.0,2386734.209201923
STL+TCN,6,2493,2014-10-18,2499,2014-11-29,2484000.0,2403333.042961464
STL+TCN,6,2494,2014-10-25,2500,2014-12-06,2381000.0,2383687.5218223915
STL+TCN,6,2495,2014-11-01,2501,2014-12-13,2379000.0,2417137.227404346
STL+TCN,6,2496,2014-11-08,2502,2014-12-20,2338000.0,2357581.4143114025
STL+TCN,6,2497,2014-11-15,2503,2014-12-27,2422000.0,2324832.607009643
STL+TCN,6,2498,2014-11-22,2504,2015-01-03,2381000.0,2350989.7004518774
STL+TCN,6,2499,2014-11-29,2505,2015-01-10,2400000.0,2470607.201936839
STL+TCN,6,2500,2014-12-06,2506,2015-01-17,2336000.0,2351581.3700587186
STL+TCN,6,2501,2014-12-13,2507,2015-01-24,2335000.0,2351515.778401283
STL+TCN,6,2502,2014-12-20,2508,2015-01-31,2297000.0,2312884.1449338463
STL+TCN,6,2503,2014-12-27,2509,2015-02-07,2344000.0,2403908.5451991977
STL+TCN,6,2504,2015-01-03,2510,2015-02-14,2319000.0,2374887.8962835753
STL+TCN,6,2505,2015-01-10,2511,2015-02-21,2341000.0,2383721.378316416
STL+TCN,6,2506,2015-01-17,2512,2015-02-28,2357000.0,2325711.25351213
STL+TCN,6,2507,2015-01-24,2513,2015-03-07,2361000.0,2326745.1090131514
STL+TCN,6,2508,2015-01-31,2514,2015-03-14,2361000.0,2279653.2306003524
STL+TCN,6,2509,2015-02-07,2515,2015-03-21,2306000.0,2333307.1307722386
STL+TCN,6,2510,2015-02-14,2516,2015-03-28,2278000.0,2294347.686982295
STL+TCN,6,2511,2015-02-21,2517,2015-04-04,2273000.0,2336434.6429008036
STL+TCN,6,2512,2015-02-28,2518,2015-04-11,2320000.0,2342176.793139652
STL+TCN,6,2513,2015-03-07,2519,2015-04-18,2279000.0,2349640.5775703094
STL+TCN,6,2514,2015-03-14,2520,2015-04-25,2254000.0,2356044.754263772
STL+TCN,6,2515,2015-03-21,2521,2015-05-02,2261000.0,2296467.7475305763
STL+TCN,6,2516,2015-03-28,2522,2015-05-09,2253000.0,2281704.6522399276
STL+TCN,6,2517,2015-04-04,2523,2015-05-16,2258000.0,2261051.260097786
STL+TCN,6,2518,2015-04-11,2524,2015-05-23,2236000.0,2325188.2177031115
STL+TCN,6,2519,2015-04-18,2525,2015-05-30,2294000.0,2281073.014011654
STL+TCN,6,2520,2015-04-25,2526,2015-06-06,2250000.0,2251745.978750054
STL+TCN,6,2521,2015-05-02,2527,2015-06-13,2268000.0,2261103.416963823
STL+TCN,6,2522,2015-05-09,2528,2015-06-20,2265000.0,2238813.763681096
STL+TCN,6,2523,2015-05-16,2529,2015-06-27,2312000.0,2253415.135933442
STL+TCN,6,2524,2015-05-23,2530,2015-07-04,2233000.0,2224035.0088192853
STL+TCN,6,2525,2015-05-30,2531,2015-07-11,2226000.0,2284869.998880417
STL+TCN,6,2526,2015-06-06,2532,2015-07-18,2267000.0,2247851.6748600802
STL+TCN,6,2527,2015-06-13,2533,2015-07-25,2253000.0,2261496.58031811
STL+TCN,6,2528,2015-06-20,2534,2015-08-01,2257000.0,2275968.485279504
STL+TCN,6,2529,2015-06-27,2535,2015-08-08,2247000.0,2312003.787022262
STL+TCN,6,2530,2015-07-04,2536,2015-08-15,2256000.0,2241600.5093846284
STL+TCN,6,2531,2015-07-11,2537,2015-08-22,2252000.0,2229960.890565839
STL+TCN,6,2532,2015-07-18,2538,2015-08-29,2258000.0,2272811.5682290443
STL+TCN,6,2533,2015-07-25,2539,2015-09-05,2243000.0,2256837.1187697668
STL+TCN,6,2534,2015-08-01,2540,2015-09-12,2255000.0,2250595.486568387
Smooth-ES,6,2475,2014-06-14,2481,2014-07-26,2524000.0,2568884.6655493667
Smooth-ES,6,2476,2014-06-21,2482,2014-08-02,2530000.0,2554445.9399254615
Smooth-ES,6,2477,2014-06-28,2483,2014-08-09,2508000.0,2548501.577552988
Smooth-ES,6,2478,2014-07-05,2484,2014-08-16,2517000.0,2507846.433504388
Smooth-ES,6,2479,2014-07-12,2485,2014-08-23,2483000.0,2493583.477897239
Smooth-ES,6,2480,2014-07-19,2486,2014-08-30,2486000.0,2507386.0019593025
Smooth-ES,6,2481,2014-07-26,2487,2014-09-06,2452000.0,2488947.712337587
Smooth-ES,6,2482,2014-08-02,2488,2014-09-13,2465000.0,2496107.693328222
Smooth-ES,6,2483,2014-08-09,2489,2014-09-20,2447000.0,2473895.084266121
Smooth-ES,6,2484,2014-08-16,2490,2014-09-27,2427000.0,2484026.699366185
Smooth-ES,6,2485,2014-08-23,2491,2014-10-04,2441000.0,2449633.7655307753
Smooth-ES,6,2486,2014-08-30,2492,2014-10-11,2409000.0,2453555.011898756
Smooth-ES,6,2487,2014-09-06,2493,2014-10-18,2437000.0,2419099.5929055065
Smooth-ES,6,2488,2014-09-13,2494,2014-10-25,2406000.0,2432867.0497708907
Smooth-ES,6,2489,2014-09-20,2495,2014-11-01,2436000.0,2414887.461182314
Smooth-ES,6,2490,2014-09-27,2496,2014-11-08,2384000.0,2395417.38204519
Smooth-ES,6,2491,2014-10-04,2497,2014-11-15,2351000.0,2409515.623131625
Smooth-ES,6,2492,2014-10-11,2498,2014-11-22,2389000.0,2377539.8679482043
Smooth-ES,6,2493,2014-10-18,2499,2014-11-29,2484000.0,2406384.398268254
Smooth-ES,6,2494,2014-10-25,2500,2014-12-06,2381000.0,2376063.386070353
Smooth-ES,6,2495,2014-11-01,2501,2014-12-13,2379000.0,2407776.46052024
Smooth-ES,6,2496,2014-11-08,2502,2014-12-20,2338000.0,2355785.018668079
Smooth-ES,6,2497,2014-11-15,2503,2014-12-27,2422000.0,2322090.520721297
Smooth-ES,6,2498,2014-11-22,2504,2015-01-03,2381000.0,2360537.5123252687
Smooth-ES,6,2499,2014-11-29,2505,2015-01-10,2400000.0,2458820.8554415978
Smooth-ES,6,2500,2014-12-06,2506,2015-01-17,2336000.0,2356519.402545162
Smooth-ES,6,2501,2014-12-13,2507,2015-01-24,2335000.0,2355165.639686267
Smooth-ES,6,2502,2014-12-20,2508,2015-01-31,2297000.0,2313507.2354610306
Smooth-ES,6,2503,2014-12-27,2509,2015-02-07,2344000.0,2399741.193177896
Smooth-ES,6,2504,2015-01-03,2510,2015-02-14,2319000.0,2359509.09026377
Smooth-ES,6,2505,2015-01-10,2511,2015-02-21,2341000.0,2380395.589793546
Smooth-ES,6,2506,2015-01-17,2512,2015-02-28,2357000.0,2316309.1322327964
Smooth-ES,6,2507,2015-01-24,2513,2015-03-07,2361000.0,2315536.848267349
Smooth-ES,6,2508,2015-01-31,2514,2015-03-14,2361000.0,2276542.956801313
Smooth-ES,6,2509,2015-02-07,2515,2015-03-21,2306000.0,2324465.312437756
Smooth-ES,6,2510,2015-02-14,2516,2015-03-28,2278000.0,2300441.4294566885
Smooth-ES,6,2511,2015-02-21,2517,2015-04-04,2273000.0,2324965.2048075004
Smooth-ES,6,2512,2015-02-28,2518,2015-04-11,2320000.0,2344069.1624328527
Smooth-ES,6,2513,2015-03-07,2519,2015-04-18,2279000.0,2351883.731818361
Smooth-ES,6,2514,2015-03-14,2520,2015-04-25,2254000.0,2355038.1644276953
Smooth-ES,6,2515,2015-03-21,2521,2015-05-02,2261000.0,2300024.1787099065
Smooth-ES,6,2516,2015-03-28,2522,2015-05-09,2253000.0,2272008.30897918
Smooth-ES,6,2517,2015-04-04,2523,2015-05-16,2258000.0,2266453.9994653077
Smooth-ES,6,2518,2015-04-11,2524,2015-05-23,2236000.0,2315271.9193986314
Smooth-ES,6,2519,2015-04-18,2525,2015-05-30,2294000.0,2273834.1658870173
Smooth-ES,6,2520,2015-04-25,2526,2015-06-06,2250000.0,2249405.958910194
Smooth-ES,6,2521,2015-05-02,2527,2015-06-13,2268000.0,2257473.5491703586
Smooth-ES,6,2522,2015-05-09,2528,2015-06-20,2265000.0,2250664.2954711644
Smooth-ES,6,2523,2015-05-16,2529,2015-06-27,2312000.0,2254556.979670414
Smooth-ES,6,2524,2015-05-23,2530,2015-07-04,2233000.0,2233529.6043461044
Smooth-ES,6,2525,2015-05-30,2531,2015-07-11,2226000.0,2293067.927606359
Smooth-ES,6,2526,2015-06-06,2532,2015-07-18,2267000.0,2251108.504307567
Smooth-ES,6,2527,2015-06-13,2533,2015-07-25,2253000.0,2268851.8731964864
Smooth-ES,6,2528,2015-06-20,2534,2015-08-01,2257000.0,2266942.423570365
Smooth-ES,6,2529,2015-06-27,2535,2015-08-08,2247000.0,2315887.8429078762
Smooth-ES,6,2530,2015-07-04,2536,2015-08-15,2256000.0,2237741.667982327
Smooth-ES,6,2531,2015-07-11,2537,2015-08-22,2252000.0,2229618.4323267345
Smooth-ES,6,2532,2015-07-18,2538,2015-08-29,2258000.0,2273375.6596543225
Smooth-ES,6,2533,2015-07-25,2539,2015-09-05,2243000.0,2260288.8098880476
Smooth-ES,6,2534,2015-08-01,2540,2015-09-12,2255000.0,2266689.54143265
Smooth-MA,6,2475,2014-06-14,2481,2014-07-26,2524000.0,2556729.853108771
Smooth-MA,6,2476,2014-06-21,2482,2014-08-02,2530000.0,2542527.613060265
Smooth-MA,6,2477,2014-06-28,2483,2014-08-09,2508000.0,2536477.192418698
Smooth-MA,6,2478,2014-07-05,2484,2014-08-16,2517000.0,2496209.2353667375
Smooth-MA,6,2479,2014-07-12,2485,2014-08-23,2483000.0,2482362.80679808
Smooth-MA,6,2480,2014-07-19,2486,2014-08-30,2486000.0,2496357.729007282
Smooth-MA,6,2481,2014-07-26,2487,2014-09-06,2452000.0,2477723.8855984816
Smooth-MA,6,2482,2014-08-02,2488,2014-09-13,2465000.0,2485386.105864559
Smooth-MA,6,2483,2014-08-09,2489,2014-09-20,2447000.0,2462919.5375246466
Smooth-MA,6,2484,2014-08-16,2490,2014-09-27,2427000.0,2473561.1240897463
Smooth-MA,6,2485,2014-08-23,2491,2014-10-04,2441000.0,2438578.726301251
Smooth-MA,6,2486,2014-08-30,2492,2014-10-11,2409000.0,2442937.8351463135
Smooth-MA,6,2487,2014-09-06,2493,2014-10-18,2437000.0,2407551.51108602
Smooth-MA,6,2488,2014-09-13,2494,2014-10-25,2406000.0,2422125.6000817623
Smooth-MA,6,2489,2014-09-20,2495,2014-11-01,2436000.0,2403843.043906588
Smooth-MA,6,2490,2014-09-27,2496,2014-11-08,2384000.0,2385742.560451145
Smooth-MA,6,2491,2014-10-04,2497,2014-11-15,2351000.0,2399311.87661908
Smooth-MA,6,2492,2014-10-11,2498,2014-11-22,2389000.0,2367821.6955324607
Smooth-MA,6,2493,2014-10-18,2499,2014-11-29,2484000.0,2396098.9559859005
Smooth-MA,6,2494,2014-10-25,2500,2014-12-06,2381000.0,2366069.7947175745
Smooth-MA,6,2495,2014-11-01,2501,2014-12-13,2379000.0,2398027.137056569
Smooth-MA,6,2496,2014-11-08,2502,2014-12-20,2338000.0,2346654.9524956923
Smooth-MA,6,2497,2014-11-15,2503,2014-12-27,2422000.0,2313626.3120121425
Smooth-MA,6,2498,2014-11-22,2504,2015-01-03,2381000.0,2351715.0796408094
Smooth-MA,6,2499,2014-11-29,2505,2015-01-10,2400000.0,2450370.6052088654
Smooth-MA,6,2500,2014-12-06,2506,2015-01-17,2336000.0,2350514.4093264733
Smooth-MA,6,2501,2014-12-13,2507,2015-01-24,2335000.0,2350339.179918756
Smooth-MA,6,2502,2014-12-20,2508,2015-01-31,2297000.0,2307243.7979458766
Smooth-MA,6,2503,2014-12-27,2509,2015-02-07,2344000.0,2392978.842013376
Smooth-MA,6,2504,2015-01-03,2510,2015-02-14,2319000.0,2353332.384902345
Smooth-MA,6,2505,2015-01-10,2511,2015-02-21,2341000.0,2376126.194186933
Smooth-MA,6,2506,2015-01-17,2512,2015-02-28,2357000.0,2311197.575215403
Smooth-MA,6,2507,2015-01-24,2513,2015-03-07,2361000.0,2311728.337361849
Smooth-MA,6,2508,2015-01-31,2514,2015-03-14,2361000.0,2272794.052185994
Smooth-MA,6,2509,2015-02-07,2515,2015-03-21,2306000.0,2322404.2938147937
Smooth-MA,6,2510,2015-02-14,2516,2015-03-28,2278000.0,2299144.345935192
Smooth-MA,6,2511,2015-02-21,2517,2015-04-04,2273000.0,2326351.7446194203
Smooth-MA,6,2512,2015-02-28,2518,2015-04-11,2320000.0,2345695.0416257726
Smooth-MA,6,2513,2015-03-07,2519,2015-04-18,2279000.0,2354436.730617975
Smooth-MA,6,2514,2015-03-14,2520,2015-04-25,2254000.0,2357375.495504528
Smooth-MA,6,2515,2015-03-21,2521,2015-05-02,2261000.0,2302807.9892530125
Smooth-MA,6,2516,2015-03-28,2522,2015-05-09,2253000.0,2273376.2167857653
Smooth-MA,6,2517,2015-04-04,2523,2015-05-16,2258000.0,2266109.4680906828
Smooth-MA,6,2518,2015-04-11,2524,2015-05-23,2236000.0,2314887.3998766434
Smooth-MA,6,2519,2015-04-18,2525,2015-05-30,2294000.0,2274559.625281812
Smooth-MA,6,2520,2015-04-25,2526,2015-06-06,2250000.0,2251324.780866676
Smooth-MA,6,2521,2015-05-02,2527,2015-06-13,2268000.0,2258632.369678762
Smooth-MA,6,2522,2015-05-09,2528,2015-06-20,2265000.0,2252349.8735749135
Smooth-MA,6,2523,2015-05-16,2529,2015-06-27,2312000.0,2256244.8384214034
Smooth-MA,6,2524,2015-05-23,2530,2015-07-04,2233000.0,2233893.3899188847
Smooth-MA,6,2525,2015-05-30,2531,2015-07-11,2226000.0,2292718.959157887
Smooth-MA,6,2526,2015-06-06,2532,2015-07-18,2267000.0,2252442.7646673587
Smooth-MA,6,2527,2015-06-13,2533,2015-07-25,2253000.0,2270619.744200807
Smooth-MA,6,2528,2015-06-20,2534,2015-08-01,2257000.0,2268387.4734798605
Smooth-MA,6,2529,2015-06-27,2535,2015-08-08,2247000.0,2316788.924126391
Smooth-MA,6,2530,2015-07-04,2536,2015-08-15,2256000.0,2239840.3821192104
Smooth-MA,6,2531,2015-07-11,2537,2015-08-22,2252000.0,2231482.9862113013
Smooth-MA,6,2532,2015-07-18,2538,2015-08-29,2258000.0,2272672.071808219
Smooth-MA,6,2533,2015-07-25,2539,2015-09-05,2243000.0,2258993.633262237
Smooth-MA,6,2534,2015-08-01,2540,2015-09-12,2255000.0,2266936.417955056
arima,6,2475,2014-06-14,2481,2014-07-26,2524000.0,2593563.898247413
arima,6,2476,2014-06-21,2482,2014-08-02,2530000.0,2584760.043831432
arima,6,2477,2014-06-28,2483,2014-08-09,2508000.0,2578585.031391537
arima,6,2478,2014-07-05,2484,2014-08-16,2517000.0,2543814.7023373777
arima,6,2479,2014-07-12,2485,2014-08-23,2483000.0,2527407.347334601
arima,6,2480,2014-07-19,2486,2014-08-30,2486000.0,2540962.5030718083
arima,6,2481,2014-07-26,2487,2014-09-06,2452000.0,2526140.4063955145
arima,6,2482,2014-08-02,2488,2014-09-13,2465000.0,2528483.608996079
arima,6,2483,2014-08-09,2489,2014-09-20,2447000.0,2510726.681136374
arima,6,2484,2014-08-16,2490,2014-09-27,2427000.0,2514941.7952556764
arima,6,2485,2014-08-23,2491,2014-10-04,2441000.0,2487086.2408019304
arima,6,2486,2014-08-30,2492,2014-10-11,2409000.0,2483891.0467592585
arima,6,2487,2014-09-06,2493,2014-10-18,2437000.0,2456107.841389629
arima,6,2488,2014-09-13,2494,2014-10-25,2406000.0,2461949.020766759
arima,6,2489,2014-09-20,2495,2014-11-01,2436000.0,2450042.3741345345
arima,6,2490,2014-09-27,2496,2014-11-08,2384000.0,2427496.8017858984
arima,6,2491,2014-10-04,2497,2014-11-15,2351000.0,2439473.346748574
arima,6,2492,2014-10-11,2498,2014-11-22,2389000.0,2412665.704783585
arima,6,2493,2014-10-18,2499,2014-11-29,2484000.0,2432748.736208569
arima,6,2494,2014-10-25,2500,2014-12-06,2381000.0,2410793.406238025
arima,6,2495,2014-11-01,2501,2014-12-13,2379000.0,2431056.506454253
arima,6,2496,2014-11-08,2502,2014-12-20,2338000.0,2391065.263450258
arima,6,2497,2014-11-15,2503,2014-12-27,2422000.0,2350917.987159619
arima,6,2498,2014-11-22,2504,2015-01-03,2381000.0,2385472.5103954324
arima,6,2499,2014-11-29,2505,2015-01-10,2400000.0,2476751.576102358
arima,6,2500,2014-12-06,2506,2015-01-17,2336000.0,2393903.2355539515
arima,6,2501,2014-12-13,2507,2015-01-24,2335000.0,2373435.3340175766
arima,6,2502,2014-12-20,2508,2015-01-31,2297000.0,2344319.1322648893
arima,6,2503,2014-12-27,2509,2015-02-07,2344000.0,2411343.677196261
arima,6,2504,2015-01-03,2510,2015-02-14,2319000.0,2389618.4485019473
arima,6,2505,2015-01-10,2511,2015-02-21,2341000.0,2394346.7448345153
arima,6,2506,2015-01-17,2512,2015-02-28,2357000.0,2344497.030925823
arima,6,2507,2015-01-24,2513,2015-03-07,2361000.0,2331241.0170503627
arima,6,2508,2015-01-31,2514,2015-03-14,2361000.0,2302224.2651882735
arima,6,2509,2015-02-07,2515,2015-03-21,2306000.0,2337282.225136108
arima,6,2510,2015-02-14,2516,2015-03-28,2278000.0,2324370.6610945235
arima,6,2511,2015-02-21,2517,2015-04-04,2273000.0,2336519.4342984185
arima,6,2512,2015-02-28,2518,2015-04-11,2320000.0,2357565.8308102814
arima,6,2513,2015-03-07,2519,2015-04-18,2279000.0,2360372.6103267507
arima,6,2514,2015-03-14,2520,2015-04-25,2254000.0,2361286.097705582
arima,6,2515,2015-03-21,2521,2015-05-02,2261000.0,2310948.4967528814
arima,6,2516,2015-03-28,2522,2015-05-09,2253000.0,2278326.2524074647
arima,6,2517,2015-04-04,2523,2015-05-16,2258000.0,2273311.5767297903
arima,6,2518,2015-04-11,2524,2015-05-23,2236000.0,2315533.1000903645
arima,6,2519,2015-04-18,2525,2015-05-30,2294000.0,2284819.5495278756
arima,6,2520,2015-04-25,2526,2015-06-06,2250000.0,2253647.471331924
arima,6,2521,2015-05-02,2527,2015-06-13,2268000.0,2260515.0793344174
arima,6,2522,2015-05-09,2528,2015-06-20,2265000.0,2253958.619227619
arima,6,2523,2015-05-16,2529,2015-06-27,2312000.0,2257102.074919533
arima,6,2524,2015-05-23,2530,2015-07-04,2233000.0,2238437.0722462167
arima,6,2525,2015-05-30,2531,2015-07-11,2226000.0,2287537.1705921036
arima,6,2526,2015-06-06,2532,2015-07-18,2267000.0,2257012.6512651136
arima,6,2527,2015-06-13,2533,2015-07-25,2253000.0,2263143.7763887276
arima,6,2528,2015-06-20,2534,2015-08-01,2257000.0,2267486.7889663596
arima,6,2529,2015-06-27,2535,2015-08-08,2247000.0,2306526.522761241
arima,6,2530,2015-07-04,2536,2015-08-15,2256000.0,2242792.067980372
arima,6,2531,2015-07-11,2537,2015-08-22,2252000.0,2222172.720973912
arima,6,2532,2015-07-18,2538,2015-08-29,2258000.0,2264940.5433372147
arima,6,2533,2015-07-25,2539,2015-09-05,2243000.0,2255236.063442083
arima,6,2534,2015-08-01,2540,2015-09-12,2255000.0,2255613.7138834456
ets,6,2475,2014-06-14,2481,2014-07-26,2524000.0,2480691.403961039
ets,6,2476,2014-06-21,2482,2014-08-02,2530000.0,2476350.75507596
ets,6,2477,2014-06-28,2483,2014-08-09,2508000.0,2484352.446016578
ets,6,2478,2014-07-05,2484,2014-08-16,2517000.0,2457195.9693551455
ets,6,2479,2014-07-12,2485,2014-08-23,2483000.0,2432932.922864909
ets,6,2480,2014-07-19,2486,2014-08-30,2486000.0,2467687.1266510235
ets,6,2481,2014-07-26,2487,2014-09-06,2452000.0,2459935.841256118
ets,6,2482,2014-08-02,2488,2014-09-13,2465000.0,2482450.085975658
ets,6,2483,2014-08-09,2489,2014-09-20,2447000.0,2464039.3038631114
ets,6,2484,2014-08-16,2490,2014-09-27,2427000.0,2468681.9038464488
ets,6,2485,2014-08-23,2491,2014-10-04,2441000.0,2429448.7980749835
ets,6,2486,2014-08-30,2492,2014-10-11,2409000.0,2408917.094909619
ets,6,2487,2014-09-06,2493,2014-10-18,2437000.0,2373689.2108009094
ets,6,2488,2014-09-13,2494,2014-10-25,2406000.0,2387793.6052030367
ets,6,2489,2014-09-20,2495,2014-11-01,2436000.0,2375516.9808385028
ets,6,2490,2014-09-27,2496,2014-11-08,2384000.0,2369244.35546346
ets,6,2491,2014-10-04,2497,2014-11-15,2351000.0,2384323.612151979
ets,6,2492,2014-10-11,2498,2014-11-22,2389000.0,2364759.945347628
ets,6,2493,2014-10-18,2499,2014-11-29,2484000.0,2396693.2140652994
ets,6,2494,2014-10-25,2500,2014-12-06,2381000.0,2374803.4284039233
ets,6,2495,2014-11-01,2501,2014-12-13,2379000.0,2415063.0511216368
ets,6,2496,2014-11-08,2502,2014-12-20,2338000.0,2342487.3632676466
ets,6,2497,2014-11-15,2503,2014-12-27,2422000.0,2279397.9156794823
ets,6,2498,2014-11-22,2504,2015-01-03,2381000.0,2304715.046432979
ets,6,2499,2014-11-29,2505,2015-01-10,2400000.0,2471011.5963700954
ets,6,2500,2014-12-06,2506,2015-01-17,2336000.0,2387455.0578461424
ets,6,2501,2014-12-13,2507,2015-01-24,2335000.0,2352354.6322809556
ets,6,2502,2014-12-20,2508,2015-01-31,2297000.0,2297950.2271352247
ets,6,2503,2014-12-27,2509,2015-02-07,2344000.0,2385514.788208063
ets,6,2504,2015-01-03,2510,2015-02-14,2319000.0,2390901.679168887
ets,6,2505,2015-01-10,2511,2015-02-21,2341000.0,2405987.8893342502
ets,6,2506,2015-01-17,2512,2015-02-28,2357000.0,2325011.9861819735
ets,6,2507,2015-01-24,2513,2015-03-07,2361000.0,2295542.3948611636
ets,6,2508,2015-01-31,2514,2015-03-14,2361000.0,2217622.7475405815
ets,6,2509,2015-02-07,2515,2015-03-21,2306000.0,2271531.3864000896
ets,6,2510,2015-02-14,2516,2015-03-28,2278000.0,2253927.7912722644
ets,6,2511,2015-02-21,2517,2015-04-04,2273000.0,2294387.4940037588
ets,6,2512,2015-02-28,2518,2015-04-11,2320000.0,2336506.4808793166
ets,6,2513,2015-03-07,2519,2015-04-18,2279000.0,2362846.2856983705
ets,6,2514,2015-03-14,2520,2015-04-25,2254000.0,2379793.9756165976
ets,6,2515,2015-03-21,2521,2015-05-02,2261000.0,2301694.926675224
ets,6,2516,2015-03-28,2522,2015-05-09,2253000.0,2247619.0367225073
ets,6,2517,2015-04-04,2523,2015-05-16,2258000.0,2212120.7296619886
ets,6,2518,2015-04-11,2524,2015-05-23,2236000.0,2276936.1024668324
ets,6,2519,2015-04-18,2525,2015-05-30,2294000.0,2253485.1132074427
ets,6,2520,2015-04-25,2526,2015-06-06,2250000.0,2197373.6750201457
ets,6,2521,2015-05-02,2527,2015-06-13,2268000.0,2196260.3058449025
ets,6,2522,2015-05-09,2528,2015-06-20,2265000.0,2178294.710671331
ets,6,2523,2015-05-16,2529,2015-06-27,2312000.0,2201345.377192254
ets,6,2524,2015-05-23,2530,2015-07-04,2233000.0,2183783.8711644243
ets,6,2525,2015-05-30,2531,2015-07-11,2226000.0,2267220.3896273496
ets,6,2526,2015-06-06,2532,2015-07-18,2267000.0,2252590.8475535726
ets,6,2527,2015-06-13,2533,2015-07-25,2253000.0,2265713.9626128203
ets,6,2528,2015-06-20,2534,2015-08-01,2257000.0,2279597.4874251573
ets,6,2529,2015-06-27,2535,2015-08-08,2247000.0,2340421.9358497416
ets,6,2530,2015-07-04,2536,2015-08-15,2256000.0,2258822.7073679576
ets,6,2531,2015-07-11,2537,2015-08-22,2252000.0,2210800.900211285
ets,6,2532,2015-07-18,2538,2015-08-29,2258000.0,2238935.1501107877
ets,6,2533,2015-07-25,2539,2015-09-05,2243000.0,2237259.758531077
ets,6,2534,2015-08-01,2540,2015-09-12,2255000.0,2228952.208211346
naive,6,2475,2014-06-14,2481,2014-07-26,2524000.0,2595000.0
naive,6,2476,2014-06-21,2482,2014-08-02,2530000.0,2583000.0
naive,6,2477,2014-06-28,2483,2014-08-09,2508000.0,2579000.0
naive,6,2478,2014-07-05,2484,2014-08-16,2517000.0,2540000.0
naive,6,2479,2014-07-12,2485,2014-08-23,2483000.0,2528000.0
naive,6,2480,2014-07-19,2486,2014-08-30,2486000.0,2542000.0
naive,6,2481,2014-07-26,2487,2014-09-06,2452000.0,2524000.0
naive,6,2482,2014-08-02,2488,2014-09-13,2465000.0,2530000.0
naive,6,2483,2014-08-09,2489,2014-09-20,2447000.0,2508000.0
naive,6,2484,2014-08-16,2490,2014-09-27,2427000.0,2517000.0
naive,6,2485,2014-08-23,2491,2014-10-04,2441000.0,2483000.0
naive,6,2486,2014-08-30,2492,2014-10-11,2409000.0,2486000.0
naive,6,2487,2014-09-06,2493,2014-10-18,2437000.0,2452000.0
naive,6,2488,2014-09-13,2494,2014-10-25,2406000.0,2465000.0
naive,6,2489,2014-09-20,2495,2014-11-01,2436000.0,2447000.0
naive,6,2490,2014-09-27,2496,2014-11-08,2384000.0,2427000.0
naive,6,2491,2014-10-04,2497,2014-11-15,2351000.0,2441000.0
naive,6,2492,2014-10-11,2498,2014-11-22,2389000.0,2409000.0
naive,6,2493,2014-10-18,2499,2014-11-29,2484000.0,2437000.0
naive,6,2494,2014-10-25,2500,2014-12-06,2381000.0,2406000.0
naive,6,2495,2014-11-01,2501,2014-12-13,2379000.0,2436000.0
naive,6,2496,2014-11-08,2502,2014-12-20,2338000.0,2384000.0
naive,6,2497,2014-11-15,2503,2014-12-27,2422000.0,2351000.0
naive,6,2498,2014-11-22,2504,2015-01-03,2381000.0,2389000.0
naive,6,2499,2014-11-29,2505,2015-01-10,2400000.0,2484000.0
naive,6,2500,2014-12-06,2506,2015-01-17,2336000.0,2381000.0
naive,6,2501,2014-12-13,2507,2015-01-24,2335000.0,2379000.0
naive,6,2502,2014-12-20,2508,2015-01-31,2297000.0,2338000.0
naive,6,2503,2014-12-27,2509,2015-02-07,2344000.0,2422000.0
naive,6,2504,2015-01-03,2510,2015-02-14,2319000.0,2381000.0
naive,6,2505,2015-01-10,2511,2015-02-21,2341000.0,2400000.0
naive,6,2506,2015-01-17,2512,2015-02-28,2357000.0,2336000.0
naive,6,2507,2015-01-24,2513,2015-03-07,2361000.0,2335000.0
naive,6,2508,2015-01-31,2514,2015-03-14,2361000.0,2297000.0
naive,6,2509,2015-02-07,2515,2015-03-21,2306000.0,2344000.0
naive,6,2510,2015-02-14,2516,2015-03-28,2278000.0,2319000.0
naive,6,2511,2015-02-21,2517,2015-04-04,2273000.0,2341000.0
naive,6,2512,2015-02-28,2518,2015-04-11,2320000.0,2357000.0
naive,6,2513,2015-03-07,2519,2015-04-18,2279000.0,2361000.0
naive,6,2514,2015-03-14,2520,2015-04-25,2254000.0,2361000.0
naive,6,2515,2015-03-21,2521,2015-05-02,2261000.0,2306000.0
naive,6,2516,2015-03-28,2522,2015-05-09,2253000.0,2278000.0
naive,6,2517,2015-04-04,2523,2015-05-16,2258000.0,2273000.0
naive,6,2518,2015-04-11,2524,2015-05-23,2236000.0,2320000.0
naive,6,2519,2015-04-18,2525,2015-05-30,2294000.0,2279000.0
naive,6,2520,2015-04-25,2526,2015-06-06,2250000.0,2254000.0
naive,6,2521,2015-05-02,2527,2015-06-13,2268000.0,2261000.0
naive,6,2522,2015-05-09,2528,2015-06-20,2265000.0,2253000.0
naive,6,2523,2015-05-16,2529,2015-06-27,2312000.0,2258000.0
naive,6,2524,2015-05-23,2530,2015-07-04,2233000.0,2236000.0
naive,6,2525,2015-05-30,2531,2015-07-11,2226000.0,2294000.0
naive,6,2526,2015-06-06,2532,2015-07-18,2267000.0,2250000.0
naive,6,2527,2015-06-13,2533,2015-07-25,2253000.0,2268000.0
naive,6,2528,2015-06-20,2534,2015-08-01,2257000.0,2265000.0
naive,6,2529,2015-06-27,2535,2015-08-08,2247000.0,2312000.0
naive,6,2530,2015-07-04,2536,2015-08-15,2256000.0,2233000.0
naive,6,2531,2015-07-11,2537,2015-08-22,2252000.0,2226000.0
naive,6,2532,2015-07-18,2538,2015-08-29,2258000.0,2267000.0
naive,6,2533,2015-07-25,2539,2015-09-05,2243000.0,2253000.0
naive,6,2534,2015-08-01,2540,2015-09-12,2255000.0,2257000.0
sarima,6,2475,2014-06-14,2481,2014-07-26,2524000.0,2536791.9674960123
sarima,6,2476,2014-06-21,2482,2014-08-02,2530000.0,2521699.7240265566
sarima,6,2477,2014-06-28,2483,2014-08-09,2508000.0,2487493.3180817673
sarima,6,2478,2014-07-05,2484,2014-08-16,2517000.0,2494626.112778446
sarima,6,2479,2014-07-12,2485,2014-08-23,2483000.0,2485926.841174613
sarima,6,2480,2014-07-19,2486,2014-08-30,2486000.0,2475949.0898615913
sarima,6,2481,2014-07-26,2487,2014-09-06,2452000.0,2479292.6041336115
sarima,6,2482,2014-08-02,2488,2014-09-13,2465000.0,2484346.4714271287
sarima,6,2483,2014-08-09,2489,2014-09-20,2447000.0,2494461.838741892
sarima,6,2484,2014-08-16,2490,2014-09-27,2427000.0,2454575.8848873274
sarima,6,2485,2014-08-23,2491,2014-10-04,2441000.0,2422340.565180623
sarima,6,2486,2014-08-30,2492,2014-10-11,2409000.0,2433680.995585992
sarima,6,2487,2014-09-06,2493,2014-10-18,2437000.0,2396914.495431938
sarima,6,2488,2014-09-13,2494,2014-10-25,2406000.0,2400576.6686155214
sarima,6,2489,2014-09-20,2495,2014-11-01,2436000.0,2364013.8207031055
sarima,6,2490,2014-09-27,2496,2014-11-08,2384000.0,2383685.8586744852
sarima,6,2491,2014-10-04,2497,2014-11-15,2351000.0,2395959.2354235672
sarima,6,2492,2014-10-11,2498,2014-11-22,2389000.0,2352188.2466191137
sarima,6,2493,2014-10-18,2499,2014-11-29,2484000.0,2377484.2507667295
sarima,6,2494,2014-10-25,2500,2014-12-06,2381000.0,2362842.2920251004
sarima,6,2495,2014-11-01,2501,2014-12-13,2379000.0,2401647.890583332
sarima,6,2496,2014-11-08,2502,2014-12-20,2338000.0,2325444.4618501426
sarima,6,2497,2014-11-15,2503,2014-12-27,2422000.0,2291657.169187257
sarima,6,2498,2014-11-22,2504,2015-01-03,2381000.0,2326956.5819531106
sarima,6,2499,2014-11-29,2505,2015-01-10,2400000.0,2423267.333238881
sarima,6,2500,2014-12-06,2506,2015-01-17,2336000.0,2337880.4639405375
sarima,6,2501,2014-12-13,2507,2015-01-24,2335000.0,2305853.128027332
sarima,6,2502,2014-12-20,2508,2015-01-31,2297000.0,2299960.7971374993
sarima,6,2503,2014-12-27,2509,2015-02-07,2344000.0,2354991.8152612224
sarima,6,2504,2015-01-03,2510,2015-02-14,2319000.0,2337863.8791068955
sarima,6,2505,2015-01-10,2511,2015-02-21,2341000.0,2366970.8841957934
sarima,6,2506,2015-01-17,2512,2015-02-28,2357000.0,2301772.9251987524
sarima,6,2507,2015-01-24,2513,2015-03-07,2361000.0,2297719.4289869126
sarima,6,2508,2015-01-31,2514,2015-03-14,2361000.0,2238959.511579143
sarima,6,2509,2015-02-07,2515,2015-03-21,2306000.0,2307631.3838991295
sarima,6,2510,2015-02-14,2516,2015-03-28,2278000.0,2281684.0864394344
sarima,6,2511,2015-02-21,2517,2015-04-04,2273000.0,2280460.508017478
sarima,6,2512,2015-02-28,2518,2015-04-11,2320000.0,2296019.6549159815
sarima,6,2513,2015-03-07,2519,2015-04-18,2279000.0,2299563.5426290743
sarima,6,2514,2015-03-14,2520,2015-04-25,2254000.0,2315509.450029662
sarima,6,2515,2015-03-21,2521,2015-05-02,2261000.0,2256492.65583269
sarima,6,2516,2015-03-28,2522,2015-05-09,2253000.0,2222248.454606833
sarima,6,2517,2015-04-04,2523,2015-05-16,2258000.0,2238937.5735320346
sarima,6,2518,2015-04-11,2524,2015-05-23,2236000.0,2283350.2416091226
sarima,6,2519,2015-04-18,2525,2015-05-30,2294000.0,2267676.3972502006
sarima,6,2520,2015-04-25,2526,2015-06-06,2250000.0,2221457.462562648
sarima,6,2521,2015-05-02,2527,2015-06-13,2268000.0,2230778.1153171975
sarima,6,2522,2015-05-09,2528,2015-06-20,2265000.0,2210434.4583537458
sarima,6,2523,2015-05-16,2529,2015-06-27,2312000.0,2199153.890946295
sarima,6,2524,2015-05-23,2530,2015-07-04,2233000.0,2184837.997446379
sarima,6,2525,2015-05-30,2531,2015-07-11,2226000.0,2219205.147333825
sarima,6,2526,2015-06-06,2532,2015-07-18,2267000.0,2197475.0386207816
sarima,6,2527,2015-06-13,2533,2015-07-25,2253000.0,2207570.848595894
sarima,6,2528,2015-06-20,2534,2015-08-01,2257000.0,2217360.082269472
sarima,6,2529,2015-06-27,2535,2015-08-08,2247000.0,2275784.004336518
sarima,6,2530,2015-07-04,2536,2015-08-15,2256000.0,2203121.2692261296
sarima,6,2531,2015-07-11,2537,2015-08-22,2252000.0,2211059.3481212603
sarima,6,2532,2015-07-18,2538,2015-08-29,2258000.0,2236047.8743858454
sarima,6,2533,2015-07-25,2539,2015-09-05,2243000.0,2236407.0125931236
sarima,6,2534,2015-08-01,2540,2015-09-12,2255000.0,2225036.265973633
Filter,12,2475,2014-06-14,2487,2014-09-06,2452000.0,2615834.1409239834
Filter,12,2476,2014-06-21,2488,2014-09-13,2465000.0,2601994.1490614126
Filter,12,2477,2014-06-28,2489,2014-09-20,2447000.0,2599209.083979581
Filter,12,2478,2014-07-05,2490,2014-09-27,2427000.0,2563031.5028963583
Filter,12,2479,2014-07-12,2491,2014-10-04,2441000.0,2550930.5802170425
Filter,12,2480,2014-07-19,2492,2014-10-11,2409000.0,2563294.254868468
Filter,12,2481,2014-07-26,2493,2014-10-18,2437000.0,2545366.4339651056
Filter,12,2482,2014-08-02,2494,2014-10-25,2406000.0,2553010.711053106
Filter,12,2483,2014-08-09,2495,2014-11-01,2436000.0,2532082.259699862
Filter,12,2484,2014-08-16,2496,2014-11-08,2384000.0,2540321.1317775976
Filter,12,2485,2014-08-23,2497,2014-11-15,2351000.0,2506913.57470492
Filter,12,2486,2014-08-30,2498,2014-11-22,2389000.0,2512081.1713306066
Filter,12,2487,2014-09-06,2499,2014-11-29,2484000.0,2478597.1103965505
Filter,12,2488,2014-09-13,2500,2014-12-06,2381000.0,2492407.610799265
Filter,12,2489,2014-09-20,2501,2014-12-13,2379000.0,2474182.924318344
Filter,12,2490,2014-09-27,2502,2014-12-20,2338000.0,2456036.271959261
Filter,12,2491,2014-10-04,2503,2014-12-27,2422000.0,2469309.052032889
Filter,12,2492,2014-10-11,2504,2015-01-03,2381000.0,2439248.494314438
Filter,12,2493,2014-10-18,2505,2015-01-10,2400000.0,2466082.952963782
Filter,12,2494,2014-10-25,2506,2015-01-17,2336000.0,2436653.57294379
Filter,12,2495,2014-11-01,2507,2015-01-24,2335000.0,2465746.706584184
Filter,12,2496,2014-11-08,2508,2015-01-31,2297000.0,2416195.809738182
Filter,12,2497,2014-11-15,2509,2015-02-07,2344000.0,2384444.917199022
Filter,12,2498,2014-11-22,2510,2015-02-14,2319000.0,2422393.133125467
Filter,12,2499,2014-11-29,2511,2015-02-21,2341000.0,2514168.8388957754
Filter,12,2500,2014-12-06,2512,2015-02-28,2357000.0,2415230.536785438
Filter,12,2501,2014-12-13,2513,2015-03-07,2361000.0,2414483.8194845784
Filter,12,2502,2014-12-20,2514,2015-03-14,2361000.0,2374091.0137703577
Filter,12,2503,2014-12-27,2515,2015-03-21,2306000.0,2457006.6269367808
Filter,12,2504,2015-01-03,2516,2015-03-28,2278000.0,2416440.696442539
Filter,12,2505,2015-01-10,2517,2015-04-04,2273000.0,2436410.8086524657
Filter,12,2506,2015-01-17,2518,2015-04-11,2320000.0,2373854.465348443
Filter,12,2507,2015-01-24,2519,2015-04-18,2279000.0,2373458.4352307236
Filter,12,2508,2015-01-31,2520,2015-04-25,2254000.0,2335054.681252274
Filter,12,2509,2015-02-07,2521,2015-05-02,2261000.0,2381682.138042771
Filter,12,2510,2015-02-14,2522,2015-05-09,2253000.0,2357041.8411484477
Filter,12,2511,2015-02-21,2523,2015-05-16,2258000.0,2379878.2978076283
Filter,12,2512,2015-02-28,2524,2015-05-23,2236000.0,2394814.5072827274
Filter,12,2513,2015-03-07,2525,2015-05-30,2294000.0,2399510.9285963676
Filter,12,2514,2015-03-14,2526,2015-06-06,2250000.0,2400362.3781567174
Filter,12,2515,2015-03-21,2527,2015-06-13,2268000.0,2346854.8974096426
Filter,12,2516,2015-03-28,2528,2015-06-20,2265000.0,2319913.3414057926
Filter,12,2517,2015-04-04,2529,2015-06-27,2312000.0,2313910.291204831
Filter,12,2518,2015-04-11,2530,2015-07-04,2233000.0,2359903.1922879424
Filter,12,2519,2015-04-18,2531,2015-07-11,2226000.0,2319862.8644851134
Filter,12,2520,2015-04-25,2532,2015-07-18,2267000.0,2296298.7860633032
Filter,12,2521,2015-05-02,2533,2015-07-25,2253000.0,2302724.236466694
Filter,12,2522,2015-05-09,2534,2015-08-01,2257000.0,2294602.8900092104
Filter,12,2523,2015-05-16,2535,2015-08-08,2247000.0,2298355.3104018713
Filter,12,2524,2015-05-23,2536,2015-08-15,2256000.0,2278449.9381245933
Filter,12,2525,2015-05-30,2537,2015-08-22,2252000.0,2334882.2952543558
Filter,12,2526,2015-06-06,2538,2015-08-29,2258000.0,2292421.5587729886
Filter,12,2527,2015-06-13,2539,2015-09-05,2243000.0,2309176.3332485845
Filter,12,2528,2015-06-20,2540,2015-09-12,2255000.0,2307235.145309819
Filter,12,2529,2015-06-27,2541,2015-09-19,2234000.0,2354041.4587272233
Filter,12,2530,2015-07-04,2542,2015-09-26,2240000.0,2277263.310446744
Filter,12,2531,2015-07-11,2543,2015-10-03,2207000.0,2268898.920017283
Filter,12,2532,2015-07-18,2544,2015-10-10,2214000.0,2309236.1229826994
Filter,12,2533,2015-07-25,2545,2015-10-17,2194000.0,2295384.2078349534
Filter,12,2534,2015-08-01,2546,2015-10-24,2218000.0,2300393.1279072077
Filter+ES,12,2475,2014-06-14,2487,2014-09-06,2452000.0,2616371.0750357783
Filter+ES,12,2476,2014-06-21,2488,2014-09-13,2465000.0,2604177.7172196507
Filter+ES,12,2477,2014-06-28,2489,2014-09-20,2447000.0,2600490.730694281
Filter+ES,12,2478,2014-07-05,2490,2014-09-27,2427000.0,2562424.615331482
Filter+ES,12,2479,2014-07-12,2491,2014-10-04,2441000.0,2551259.1434829817
Filter+ES,12,2480,2014-07-19,2492,2014-10-11,2409000.0,2565359.421089897
Filter+ES,12,2481,2014-07-26,2493,2014-10-18,2437000.0,2547494.4137520823
Filter+ES,12,2482,2014-08-02,2494,2014-10-25,2406000.0,2553838.5354358563
Filter+ES,12,2483,2014-08-09,2495,2014-11-01,2436000.0,2532580.2287548664
Filter+ES,12,2484,2014-08-16,2496,2014-11-08,2384000.0,2541772.999008763
Filter+ES,12,2485,2014-08-23,2497,2014-11-15,2351000.0,2508068.417247058
Filter+ES,12,2486,2014-08-30,2498,2014-11-22,2389000.0,2511886.4093078426
Filter+ES,12,2487,2014-09-06,2499,2014-11-29,2484000.0,2478565.759686192
Filter+ES,12,2488,2014-09-13,2500,2014-12-06,2381000.0,2492366.4546050197
Filter+ES,12,2489,2014-09-20,2501,2014-12-13,2379000.0,2474951.6474169837
Filter+ES,12,2490,2014-09-27,2502,2014-12-20,2338000.0,2455838.95840198
Filter+ES,12,2491,2014-10-04,2503,2014-12-27,2422000.0,2470268.8565034494
Filter+ES,12,2492,2014-10-11,2504,2015-01-03,2381000.0,2439258.5470920536
Filter+ES,12,2493,2014-10-18,2505,2015-01-10,2400000.0,2467590.072131718
Filter+ES,12,2494,2014-10-25,2506,2015-01-17,2336000.0,2437281.2216798277
Filter+ES,12,2495,2014-11-01,2507,2015-01-24,2335000.0,2467361.170400355
Filter+ES,12,2496,2014-11-08,2508,2015-01-31,2297000.0,2416121.6062835804
Filter+ES,12,2497,2014-11-15,2509,2015-02-07,2344000.0,2384115.715570202
Filter+ES,12,2498,2014-11-22,2510,2015-02-14,2319000.0,2422538.557173883
Filter+ES,12,2499,2014-11-29,2511,2015-02-21,2341000.0,2516840.6540148775
Filter+ES,12,2500,2014-12-06,2512,2015-02-28,2357000.0,2414447.537745742
Filter+ES,12,2501,2014-12-13,2513,2015-03-07,2361000.0,2413019.6335751223
Filter+ES,12,2502,2014-12-20,2514,2015-03-14,2361000.0,2372849.8120408077
Filter+ES,12,2503,2014-12-27,2515,2015-03-21,2306000.0,2457114.343484111
Filter+ES,12,2504,2015-01-03,2516,2015-03-28,2278000.0,2416440.8996451376
Filter+ES,12,2505,2015-01-10,2517,2015-04-04,2273000.0,2435814.506792775
Filter+ES,12,2506,2015-01-17,2518,2015-04-11,2320000.0,2372467.385240139
Filter+ES,12,2507,2015-01-24,2519,2015-04-18,2279000.0,2372414.232669528
Filter+ES,12,2508,2015-01-31,2520,2015-04-25,2254000.0,2334924.5414898857
Filter+ES,12,2509,2015-02-07,2521,2015-05-02,2261000.0,2382261.234776776
Filter+ES,12,2510,2015-02-14,2522,2015-05-09,2253000.0,2357346.499353963
Filter+ES,12,2511,2015-02-21,2523,2015-05-16,2258000.0,2379670.99856793
Filter+ES,12,2512,2015-02-28,2524,2015-05-23,2236000.0,2395486.6401348147
Filter+ES,12,2513,2015-03-07,2525,2015-05-30,2294000.0,2399620.2899345434
Filter+ES,12,2514,2015-03-14,2526,2015-06-06,2250000.0,2399559.083778232
Filter+ES,12,2515,2015-03-21,2527,2015-06-13,2268000.0,2345182.118281676
Filter+ES,12,2516,2015-03-28,2528,2015-06-20,2265000.0,2317740.8027395466
Filter+ES,12,2517,2015-04-04,2529,2015-06-27,2312000.0,2313275.6281451294
Filter+ES,12,2518,2015-04-11,2530,2015-07-04,2233000.0,2360197.5561731313
Filter+ES,12,2519,2015-04-18,2531,2015-07-11,2226000.0,2319530.9924674267
Filter+ES,12,2520,2015-04-25,2532,2015-07-18,2267000.0,2295054.231490876
Filter+ES,12,2521,2015-05-02,2533,2015-07-25,2253000.0,2302357.1873953766
Filter+ES,12,2522,2015-05-09,2534,2015-08-01,2257000.0,2294570.5156178363
Filter+ES,12,2523,2015-05-16,2535,2015-08-08,2247000.0,2299074.0648313044
Filter+ES,12,2524,2015-05-23,2536,2015-08-15,2256000.0,2277261.3064409136
Filter+ES,12,2525,2015-05-30,2537,2015-08-22,2252000.0,2334824.754412842
Filter+ES,12,2526,2015-06-06,2538,2015-08-29,2258000.0,2291254.5854191137
Filter+ES,12,2527,2015-06-13,2539,2015-09-05,2243000.0,2308952.6761996965
Filter+ES,12,2528,2015-06-20,2540,2015-09-12,2255000.0,2306038.7957614027
Filter+ES,12,2529,2015-06-27,2541,2015-09-19,2234000.0,2352891.7154201074
Filter+ES,12,2530,2015-07-04,2542,2015-09-26,2240000.0,2274576.673039976
Filter+ES,12,2531,2015-07-11,2543,2015-10-03,2207000.0,2267727.054464996
Filter+ES,12,2532,2015-07-18,2544,2015-10-10,2214000.0,2308550.5787591026
Filter+ES,12,2533,2015-07-25,2545,2015-10-17,2194000.0,2294585.188379062
Filter+ES,12,2534,2015-08-01,2546,2015-10-24,2218000.0,2298792.0562924896
Filter+MA,12,2475,2014-06-14,2487,2014-09-06,2452000.0,2618633.5691920305
Filter+MA,12,2476,2014-06-21,2488,2014-09-13,2465000.0,2607374.8139317194
Filter+MA,12,2477,2014-06-28,2489,2014-09-20,2447000.0,2603877.111585476
Filter+MA,12,2478,2014-07-05,2490,2014-09-27,2427000.0,2565672.3200341407
Filter+MA,12,2479,2014-07-12,2491,2014-10-04,2441000.0,2555205.180753911
Filter+MA,12,2480,2014-07-19,2492,2014-10-11,2409000.0,2569690.0413242984
Filter+MA,12,2481,2014-07-26,2493,2014-10-18,2437000.0,2551289.8012172007
Filter+MA,12,2482,2014-08-02,2494,2014-10-25,2406000.0,2557155.9788869633
Filter+MA,12,2483,2014-08-09,2495,2014-11-01,2436000.0,2536099.2990259617
Filter+MA,12,2484,2014-08-16,2496,2014-11-08,2384000.0,2545713.227752581
Filter+MA,12,2485,2014-08-23,2497,2014-11-15,2351000.0,2512115.6302420483
Filter+MA,12,2486,2014-08-30,2498,2014-11-22,2389000.0,2515789.8718003477
Filter+MA,12,2487,2014-09-06,2499,2014-11-29,2484000.0,2482708.7961254762
Filter+MA,12,2488,2014-09-13,2500,2014-12-06,2381000.0,2496859.609121743
Filter+MA,12,2489,2014-09-20,2501,2014-12-13,2379000.0,2479484.1427236036
Filter+MA,12,2490,2014-09-27,2502,2014-12-20,2338000.0,2460814.6021531047
Filter+MA,12,2491,2014-10-04,2503,2014-12-27,2422000.0,2475136.9159806333
Filter+MA,12,2492,2014-10-11,2504,2015-01-03,2381000.0,2444338.794173337
Filter+MA,12,2493,2014-10-18,2505,2015-01-10,2400000.0,2472254.610787335
Filter+MA,12,2494,2014-10-25,2506,2015-01-17,2336000.0,2442276.367129404
Filter+MA,12,2495,2014-11-01,2507,2015-01-24,2335000.0,2472038.3402061826
Filter+MA,12,2496,2014-11-08,2508,2015-01-31,2297000.0,2421107.2012110213
Filter+MA,12,2497,2014-11-15,2509,2015-02-07,2344000.0,2389040.303709918
Filter+MA,12,2498,2014-11-22,2510,2015-02-14,2319000.0,2428187.2980309357
Filter+MA,12,2499,2014-11-29,2511,2015-02-21,2341000.0,2522523.665181889
Filter+MA,12,2500,2014-12-06,2512,2015-02-28,2357000.0,2419593.471025536
Filter+MA,12,2501,2014-12-13,2513,2015-03-07,2361000.0,2418089.9869902595
Filter+MA,12,2502,2014-12-20,2514,2015-03-14,2361000.0,2378923.3690173584
Filter+MA,12,2503,2014-12-27,2515,2015-03-21,2306000.0,2463214.0867578057
Filter+MA,12,2504,2015-01-03,2516,2015-03-28,2278000.0,2422380.7703988515
Filter+MA,12,2505,2015-01-10,2517,2015-04-04,2273000.0,2441325.1273929286
Filter+MA,12,2506,2015-01-17,2518,2015-04-11,2320000.0,2378170.3121788222
Filter+MA,12,2507,2015-01-24,2519,2015-04-18,2279000.0,2378414.701888764
Filter+MA,12,2508,2015-01-31,2520,2015-04-25,2254000.0,2341404.712617311
Filter+MA,12,2509,2015-02-07,2521,2015-05-02,2261000.0,2388611.5690287054
Filter+MA,12,2510,2015-02-14,2522,2015-05-09,2253000.0,2363307.9881803636
Filter+MA,12,2511,2015-02-21,2523,2015-05-16,2258000.0,2385551.8082946516
Filter+MA,12,2512,2015-02-28,2524,2015-05-23,2236000.0,2401532.783930606
Filter+MA,12,2513,2015-03-07,2525,2015-05-30,2294000.0,2405649.4030521633
Filter+MA,12,2514,2015-03-14,2526,2015-06-06,2250000.0,2405137.8347590957
Filter+MA,12,2515,2015-03-21,2527,2015-06-13,2268000.0,2350811.9574630447
Filter+MA,12,2516,2015-03-28,2528,2015-06-20,2265000.0,2323367.321667134
Filter+MA,12,2517,2015-04-04,2529,2015-06-27,2312000.0,2319333.5921977432
Filter+MA,12,2518,2015-04-11,2530,2015-07-04,2233000.0,2366119.2594643245
Filter+MA,12,2519,2015-04-18,2531,2015-07-11,2226000.0,2325267.321312511
Filter+MA,12,2520,2015-04-25,2532,2015-07-18,2267000.0,2300578.7235438945
Filter+MA,12,2521,2015-05-02,2533,2015-07-25,2253000.0,2308346.798694625
Filter+MA,12,2522,2015-05-09,2534,2015-08-01,2257000.0,2300511.354459402
Filter+MA,12,2523,2015-05-16,2535,2015-08-08,2247000.0,2304740.748861217
Filter+MA,12,2524,2015-05-23,2536,2015-08-15,2256000.0,2282375.582289445
Filter+MA,12,2525,2015-05-30,2537,2015-08-22,2252000.0,2339573.1812355914
Filter+MA,12,2526,2015-06-06,2538,2015-08-29,2258000.0,2296051.0945775122
Filter+MA,12,2527,2015-06-13,2539,2015-09-05,2243000.0,2313663.146310626
Filter+MA,12,2528,2015-06-20,2540,2015-09-12,2255000.0,2310976.7070903685
Filter+MA,12,2529,2015-06-27,2541,2015-09-19,2234000.0,2357368.931951878
Filter+MA,12,2530,2015-07-04,2542,2015-09-26,2240000.0,2279045.010001587
Filter+MA,12,2531,2015-07-11,2543,2015-10-03,2207000.0,2272259.568941673
Filter+MA,12,2532,2015-07-18,2544,2015-10-10,2214000.0,2313249.07908677
Filter+MA,12,2533,2015-07-25,2545,2015-10-17,2194000.0,2298943.5428926675
Filter+MA,12,2534,2015-08-01,2546,2015-10-24,2218000.0,2303028.91098816
Raw,12,2475,2014-06-14,2487,2014-09-06,2452000.0,2535425.670683596
Raw,12,2476,2014-06-21,2488,2014-09-13,2465000.0,2519633.542128078
Raw,12,2477,2014-06-28,2489,2014-09-20,2447000.0,2513736.2893068176
Raw,12,2478,2014-07-05,2490,2014-09-27,2427000.0,2474077.659842511
Raw,12,2479,2014-07-12,2491,2014-10-04,2441000.0,2457324.214298977
Raw,12,2480,2014-07-19,2492,2014-10-11,2409000.0,2476409.539528221
Raw,12,2481,2014-07-26,2493,2014-10-18,2437000.0,2454692.0438365694
Raw,12,2482,2014-08-02,2494,2014-10-25,2406000.0,2467103.6992651494
Raw,12,2483,2014-08-09,2495,2014-11-01,2436000.0,2437896.7702097124
Raw,12,2484,2014-08-16,2496,2014-11-08,2384000.0,2454392.377311588
Raw,12,2485,2014-08-23,2497,2014-11-15,2351000.0,2413607.2585107936
Raw,12,2486,2014-08-30,2498,2014-11-22,2389000.0,2422485.464943846
Raw,12,2487,2014-09-06,2499,2014-11-29,2484000.0,2382543.100165785
Raw,12,2488,2014-09-13,2500,2014-12-06,2381000.0,2403620.664174091
Raw,12,2489,2014-09-20,2501,2014-12-13,2379000.0,2382059.251082255
Raw,12,2490,2014-09-27,2502,2014-12-20,2338000.0,2367981.172912092
Raw,12,2491,2014-10-04,2503,2014-12-27,2422000.0,2378317.7214436536
Raw,12,2492,2014-10-11,2504,2015-01-03,2381000.0,2349020.46169786
Raw,12,2493,2014-10-18,2505,2015-01-10,2400000.0,2377943.108847956
Raw,12,2494,2014-10-25,2506,2015-01-17,2336000.0,2348362.0457561095
Raw,12,2495,2014-11-01,2507,2015-01-24,2335000.0,2384010.334199829
Raw,12,2496,2014-11-08,2508,2015-01-31,2297000.0,2329422.138867069
Raw,12,2497,2014-11-15,2509,2015-02-07,2344000.0,2297457.030531835
Raw,12,2498,2014-11-22,2510,2015-02-14,2319000.0,2338873.2266118648
Raw,12,2499,2014-11-29,2511,2015-02-21,2341000.0,2444293.3638533344
Raw,12,2500,2014-12-06,2512,2015-02-28,2357000.0,2336849.9594671736
Raw,12,2501,2014-12-13,2513,2015-03-07,2361000.0,2338271.8068798524
Raw,12,2502,2014-12-20,2514,2015-03-14,2361000.0,2295208.2269805963
Raw,12,2503,2014-12-27,2515,2015-03-21,2306000.0,2392439.5839918507
Raw,12,2504,2015-01-03,2516,2015-03-28,2278000.0,2346218.1053535026
Raw,12,2505,2015-01-10,2517,2015-04-04,2273000.0,2371491.774715579
Raw,12,2506,2015-01-17,2518,2015-04-11,2320000.0,2304202.798798336
Raw,12,2507,2015-01-24,2519,2015-04-18,2279000.0,2310048.456637477
Raw,12,2508,2015-01-31,2520,2015-04-25,2254000.0,2268233.5157147544
Raw,12,2509,2015-02-07,2521,2015-05-02,2261000.0,2322448.3869245886
Raw,12,2510,2015-02-14,2522,2015-05-09,2253000.0,2297654.054792481
Raw,12,2511,2015-02-21,2523,2015-05-16,2258000.0,2329684.3651015298
Raw,12,2512,2015-02-28,2524,2015-05-23,2236000.0,2347308.084220967
Raw,12,2513,2015-03-07,2525,2015-05-30,2294000.0,2360016.017196324
Raw,12,2514,2015-03-14,2526,2015-06-06,2250000.0,2360129.695631218
Raw,12,2515,2015-03-21,2527,2015-06-13,2268000.0,2299985.027575152
Raw,12,2516,2015-03-28,2528,2015-06-20,2265000.0,2275881.1575210555
Raw,12,2517,2015-04-04,2529,2015-06-27,2312000.0,2270324.493587137
Raw,12,2518,2015-04-11,2530,2015-07-04,2233000.0,2326102.753831677
Raw,12,2519,2015-04-18,2531,2015-07-11,2226000.0,2279271.6980695296
Raw,12,2520,2015-04-25,2532,2015-07-18,2267000.0,2261820.3602197035
Raw,12,2521,2015-05-02,2533,2015-07-25,2253000.0,2273794.161728401
Raw,12,2522,2015-05-09,2534,2015-08-01,2257000.0,2268663.079534163
Raw,12,2523,2015-05-16,2535,2015-08-08,2247000.0,2258338.877615439
Raw,12,2524,2015-05-23,2536,2015-08-15,2256000.0,2248921.8726446345
Raw,12,2525,2015-05-30,2537,2015-08-22,2252000.0,2306550.3952902714
Raw,12,2526,2015-06-06,2538,2015-08-29,2258000.0,2270877.660786192
Raw,12,2527,2015-06-13,2539,2015-09-05,2243000.0,2277932.892775173
Raw,12,2528,2015-06-20,2540,2015-09-12,2255000.0,2283077.2989363945
Raw,12,2529,2015-06-27,2541,2015-09-19,2234000.0,2334620.5103045837
Raw,12,2530,2015-07-04,2542,2015-09-26,2240000.0,2255460.095272005
Raw,12,2531,2015-07-11,2543,2015-10-03,2207000.0,2240071.17120644
Raw,12,2532,2015-07-18,2544,2015-10-10,2214000.0,2293392.970382159
Raw,12,2533,2015-07-25,2545,2015-10-17,2194000.0,2276473.692838039
Raw,12,2534,2015-08-01,2546,2015-10-24,2218000.0,2287125.0123126633
STL+TCN,12,2475,2014-06-14,2487,2014-09-06,2452000.0,2541664.049623149
STL+TCN,12,2476,2014-06-21,2488,2014-09-13,2465000.0,2517111.372211735
STL+TCN,12,2477,2014-06-28,2489,2014-09-20,2447000.0,2512257.3246696205
STL+TCN,12,2478,2014-07-05,2490,2014-09-27,2427000.0,2467036.552671428
STL+TCN,12,2479,2014-07-12,2491,2014-10-04,2441000.0,2453914.422580962
STL+TCN,12,2480,2014-07-19,2492,2014-10-11,2409000.0,2468309.112439169
STL+TCN,12,2481,2014-07-26,2493,2014-10-18,2437000.0,2447862.2499069446
STL+TCN,12,2482,2014-08-02,2494,2014-10-25,2406000.0,2457917.3624850935
STL+TCN,12,2483,2014-08-09,2495,2014-11-01,2436000.0,2431307.5382188465
STL+TCN,12,2484,2014-08-16,2496,2014-11-08,2384000.0,2445941.7474405775
STL+TCN,12,2485,2014-08-23,2497,2014-11-15,2351000.0,2406151.103085143
STL+TCN,12,2486,2014-08-30,2498,2014-11-22,2389000.0,2412230.013526032
STL+TCN,12,2487,2014-09-06,2499,2014-11-29,2484000.0,2372093.1840136056
STL+TCN,12,2488,2014-09-13,2500,2014-12-06,2381000.0,2389636.608417105
STL+TCN,12,2489,2014-09-20,2501,2014-12-13,2379000.0,2367868.5005088593
STL+TCN,12,2490,2014-09-27,2502,2014-12-20,2338000.0,2348827.3209645962
STL+TCN,12,2491,2014-10-04,2503,2014-12-27,2422000.0,2361810.837470157
STL+TCN,12,2492,2014-10-11,2504,2015-01-03,2381000.0,2331485.60233704
STL+TCN,12,2493,2014-10-18,2505,2015-01-10,2400000.0,2361825.921599191
STL+TCN,12,2494,2014-10-25,2506,2015-01-17,2336000.0,2331678.3827179926
STL+TCN,12,2495,2014-11-01,2507,2015-01-24,2335000.0,2366059.50145514
STL+TCN,12,2496,2014-11-08,2508,2015-01-31,2297000.0,2311498.1865279158
STL+TCN,12,2497,2014-11-15,2509,2015-02-07,2344000.0,2280557.8391495375
STL+TCN,12,2498,2014-11-22,2510,2015-02-14,2319000.0,2319157.660439682
STL+TCN,12,2499,2014-11-29,2511,2015-02-21,2341000.0,2426925.6244446253
STL+TCN,12,2500,2014-12-06,2512,2015-02-28,2357000.0,2316084.4474856523
STL+TCN,12,2501,2014-12-13,2513,2015-03-07,2361000.0,2322609.296253967
STL+TCN,12,2502,2014-12-20,2514,2015-03-14,2361000.0,2277503.2955076923
STL+TCN,12,2503,2014-12-27,2515,2015-03-21,2306000.0,2373803.471559912
STL+TCN,12,2504,2015-01-03,2516,2015-03-28,2278000.0,2327096.7007153165
STL+TCN,12,2505,2015-01-10,2517,2015-04-04,2273000.0,2354410.9843602483
STL+TCN,12,2506,2015-01-17,2518,2015-04-11,2320000.0,2284810.7874412495
STL+TCN,12,2507,2015-01-24,2519,2015-04-18,2279000.0,2290129.7644072687
STL+TCN,12,2508,2015-01-31,2520,2015-04-25,2254000.0,2246330.628471972
STL+TCN,12,2509,2015-02-07,2521,2015-05-02,2261000.0,2300254.8680834626
STL+TCN,12,2510,2015-02-14,2522,2015-05-09,2253000.0,2273103.7470451863
STL+TCN,12,2511,2015-02-21,2523,2015-05-16,2258000.0,2304831.3729210147
STL+TCN,12,2512,2015-02-28,2524,2015-05-23,2236000.0,2320689.2692442983
STL+TCN,12,2513,2015-03-07,2525,2015-05-30,2294000.0,2333507.0928456145
STL+TCN,12,2514,2015-03-14,2526,2015-06-06,2250000.0,2332439.9281078293
STL+TCN,12,2515,2015-03-21,2527,2015-06-13,2268000.0,2270725.809114639
STL+TCN,12,2516,2015-03-28,2528,2015-06-20,2265000.0,2246529.3088241513
STL+TCN,12,2517,2015-04-04,2529,2015-06-27,2312000.0,2240418.873815697
STL+TCN,12,2518,2015-04-11,2530,2015-07-04,2233000.0,2294885.6012255023
STL+TCN,12,2519,2015-04-18,2531,2015-07-11,2226000.0,2246056.4718870553
STL+TCN,12,2520,2015-04-25,2532,2015-07-18,2267000.0,2227822.444697345
STL+TCN,12,2521,2015-05-02,2533,2015-07-25,2253000.0,2236438.0003375863
STL+TCN,12,2522,2015-05-09,2534,2015-08-01,2257000.0,2229679.357420754
STL+TCN,12,2523,2015-05-16,2535,2015-08-08,2247000.0,2222980.1349970587
STL+TCN,12,2524,2015-05-23,2536,2015-08-15,2256000.0,2209717.9476834293
STL+TCN,12,2525,2015-05-30,2537,2015-08-22,2252000.0,2269015.5269957194
STL+TCN,12,2526,2015-06-06,2538,2015-08-29,2258000.0,2230500.5147114955
STL+TCN,12,2527,2015-06-13,2539,2015-09-05,2243000.0,2240279.9430843056
STL+TCN,12,2528,2015-06-20,2540,2015-09-12,2255000.0,2242142.4167590598
STL+TCN,12,2529,2015-06-27,2541,2015-09-19,2234000.0,2293948.7199358866
STL+TCN,12,2530,2015-07-04,2542,2015-09-26,2240000.0,2213499.261666994
STL+TCN,12,2531,2015-07-11,2543,2015-10-03,2207000.0,2201170.735908504
STL+TCN,12,2532,2015-07-18,2544,2015-10-10,2214000.0,2252489.4175108788
STL+TCN,12,2533,2015-07-25,2545,2015-10-17,2194000.0,2236082.4837973192
STL+TCN,12,2534,2015-08-01,2546,2015-10-24,2218000.0,2245077.9813660807
Smooth-ES,12,2475,2014-06-14,2487,2014-09-06,2452000.0,2549588.707775557
Smooth-ES,12,2476,2014-06-21,2488,2014-09-13,2465000.0,2533197.0778779224
Smooth-ES,12,2477,2014-06-28,2489,2014-09-20,2447000.0,2524988.4990155525
Smooth-ES,12,2478,2014-07-05,2490,2014-09-27,2427000.0,2481832.131718996
Smooth-ES,12,2479,2014-07-12,2491,2014-10-04,2441000.0,2465094.2369252737
Smooth-ES,12,2480,2014-07-19,2492,2014-10-11,2409000.0,2478076.58297529
Smooth-ES,12,2481,2014-07-26,2493,2014-10-18,2437000.0,2459156.6503051906
Smooth-ES,12,2482,2014-08-02,2494,2014-10-25,2406000.0,2466244.7273746394
Smooth-ES,12,2483,2014-08-09,2495,2014-11-01,2436000.0,2442416.0650154445
Smooth-ES,12,2484,2014-08-16,2496,2014-11-08,2384000.0,2452935.3073270954
Smooth-ES,12,2485,2014-08-23,2497,2014-11-15,2351000.0,2418563.7609605286
Smooth-ES,12,2486,2014-08-30,2498,2014-11-22,2389000.0,2423852.704043699
Smooth-ES,12,2487,2014-09-06,2499,2014-11-29,2484000.0,2390662.730946019
Smooth-ES,12,2488,2014-09-13,2500,2014-12-06,2381000.0,2406499.324202553
Smooth-ES,12,2489,2014-09-20,2501,2014-12-13,2379000.0,2389676.350334043
Smooth-ES,12,2490,2014-09-27,2502,2014-12-20,2338000.0,2372320.951640974
Smooth-ES,12,2491,2014-10-04,2503,2014-12-27,2422000.0,2387541.233087893
Smooth-ES,12,2492,2014-10-11,2504,2015-01-03,2381000.0,2356810.467191026
Smooth-ES,12,2493,2014-10-18,2505,2015-01-10,2400000.0,2386500.714074452
Smooth-ES,12,2494,2014-10-25,2506,2015-01-17,2336000.0,2357051.947376347
Smooth-ES,12,2495,2014-11-01,2507,2015-01-24,2335000.0,2390026.012941872
Smooth-ES,12,2496,2014-11-08,2508,2015-01-31,2297000.0,2338387.88226393
Smooth-ES,12,2497,2014-11-15,2509,2015-02-07,2344000.0,2305552.9901263337
Smooth-ES,12,2498,2014-11-22,2510,2015-02-14,2319000.0,2344051.933020207
Smooth-ES,12,2499,2014-11-29,2511,2015-02-21,2341000.0,2442964.9096117406
Smooth-ES,12,2500,2014-12-06,2512,2015-02-28,2357000.0,2340520.7645692755
Smooth-ES,12,2501,2014-12-13,2513,2015-03-07,2361000.0,2340145.526539785
Smooth-ES,12,2502,2014-12-20,2514,2015-03-14,2361000.0,2299822.4519059905
Smooth-ES,12,2503,2014-12-27,2515,2015-03-21,2306000.0,2388704.8889255305
Smooth-ES,12,2504,2015-01-03,2516,2015-03-28,2278000.0,2349194.57867812
Smooth-ES,12,2505,2015-01-10,2517,2015-04-04,2273000.0,2371501.865833307
Smooth-ES,12,2506,2015-01-17,2518,2015-04-11,2320000.0,2308095.002716674
Smooth-ES,12,2507,2015-01-24,2519,2015-04-18,2279000.0,2309306.314739145
Smooth-ES,12,2508,2015-01-31,2520,2015-04-25,2254000.0,2271142.111703407
Smooth-ES,12,2509,2015-02-07,2521,2015-05-02,2261000.0,2319785.332521295
Smooth-ES,12,2510,2015-02-14,2522,2015-05-09,2253000.0,2295339.7573926174
Smooth-ES,12,2511,2015-02-21,2523,2015-05-16,2258000.0,2320156.5594828473
Smooth-ES,12,2512,2015-02-28,2524,2015-05-23,2236000.0,2339661.804309213
Smooth-ES,12,2513,2015-03-07,2525,2015-05-30,2294000.0,2348775.566400231
Smooth-ES,12,2514,2015-03-14,2526,2015-06-06,2250000.0,2352751.44761508
Smooth-ES,12,2515,2015-03-21,2527,2015-06-13,2268000.0,2297627.693398503
Smooth-ES,12,2516,2015-03-28,2528,2015-06-20,2265000.0,2270709.072450219
Smooth-ES,12,2517,2015-04-04,2529,2015-06-27,2312000.0,2266263.8730546483
Smooth-ES,12,2518,2015-04-11,2530,2015-07-04,2233000.0,2317199.527822991
Smooth-ES,12,2519,2015-04-18,2531,2015-07-11,2226000.0,2275440.416590668
Smooth-ES,12,2520,2015-04-25,2532,2015-07-18,2267000.0,2251899.29239448
Smooth-ES,12,2521,2015-05-02,2533,2015-07-25,2253000.0,2260636.536588359
Smooth-ES,12,2522,2015-05-09,2534,2015-08-01,2257000.0,2255460.5772919143
Smooth-ES,12,2523,2015-05-16,2535,2015-08-08,2247000.0,2258174.4522070456
Smooth-ES,12,2524,2015-05-23,2536,2015-08-15,2256000.0,2238105.168278888
Smooth-ES,12,2525,2015-05-30,2537,2015-08-22,2252000.0,2297498.9885790483
Smooth-ES,12,2526,2015-06-06,2538,2015-08-29,2258000.0,2257089.6590110757
Smooth-ES,12,2527,2015-06-13,2539,2015-09-05,2243000.0,2273965.178004382
Smooth-ES,12,2528,2015-06-20,2540,2015-09-12,2255000.0,2271940.7421783702
Smooth-ES,12,2529,2015-06-27,2541,2015-09-19,2234000.0,2321378.947155263
Smooth-ES,12,2530,2015-07-04,2542,2015-09-26,2240000.0,2243807.7183023873
Smooth-ES,12,2531,2015-07-11,2543,2015-10-03,2207000.0,2235720.0476381364
Smooth-ES,12,2532,2015-07-18,2544,2015-10-10,2214000.0,2281406.777551128
Smooth-ES,12,2533,2015-07-25,2545,2015-10-17,2194000.0,2270276.0710899965
Smooth-ES,12,2534,2015-08-01,2546,2015-10-24,2218000.0,2278005.1301597133
Smooth-MA,12,2475,2014-06-14,2487,2014-09-06,2452000.0,2538348.908761384
Smooth-MA,12,2476,2014-06-21,2488,2014-09-13,2465000.0,2522270.191695583
Smooth-MA,12,2477,2014-06-28,2489,2014-09-20,2447000.0,2514463.8006180483
Smooth-MA,12,2478,2014-07-05,2490,2014-09-27,2427000.0,2472874.3400615607
Smooth-MA,12,2479,2014-07-12,2491,2014-10-04,2441000.0,2457455.4141654884
Smooth-MA,12,2480,2014-07-19,2492,2014-10-11,2409000.0,2471417.948207115
Smooth-MA,12,2481,2014-07-26,2493,2014-10-18,2437000.0,2452673.4905659608
Smooth-MA,12,2482,2014-08-02,2494,2014-10-25,2406000.0,2462114.546375227
Smooth-MA,12,2483,2014-08-09,2495,2014-11-01,2436000.0,2438744.3627546993
Smooth-MA,12,2484,2014-08-16,2496,2014-11-08,2384000.0,2450455.4688215517
Smooth-MA,12,2485,2014-08-23,2497,2014-11-15,2351000.0,2415213.5712189516
Smooth-MA,12,2486,2014-08-30,2498,2014-11-22,2389000.0,2421705.6347144856
Smooth-MA,12,2487,2014-09-06,2499,2014-11-29,2484000.0,2386409.4935200852
Smooth-MA,12,2488,2014-09-13,2500,2014-12-06,2381000.0,2402444.7269018083
Smooth-MA,12,2489,2014-09-20,2501,2014-12-13,2379000.0,2384722.186631198
Smooth-MA,12,2490,2014-09-27,2502,2014-12-20,2338000.0,2368758.8637631503
Smooth-MA,12,2491,2014-10-04,2503,2014-12-27,2422000.0,2382994.9775147354
Smooth-MA,12,2492,2014-10-11,2504,2015-01-03,2381000.0,2352816.7654916784
Smooth-MA,12,2493,2014-10-18,2505,2015-01-10,2400000.0,2380940.619392549
Smooth-MA,12,2494,2014-10-25,2506,2015-01-17,2336000.0,2351858.253817853
Smooth-MA,12,2495,2014-11-01,2507,2015-01-24,2335000.0,2384541.4636185234
Smooth-MA,12,2496,2014-11-08,2508,2015-01-31,2297000.0,2333774.3359585353
Smooth-MA,12,2497,2014-11-15,2509,2015-02-07,2344000.0,2301417.721393933
Smooth-MA,12,2498,2014-11-22,2510,2015-02-14,2319000.0,2339315.4606446754
Smooth-MA,12,2499,2014-11-29,2511,2015-02-21,2341000.0,2438698.6327133933
Smooth-MA,12,2500,2014-12-06,2512,2015-02-28,2357000.0,2338645.6684992886
Smooth-MA,12,2501,2014-12-13,2513,2015-03-07,2361000.0,2339825.329086491
Smooth-MA,12,2502,2014-12-20,2514,2015-03-14,2361000.0,2297197.108837794
Smooth-MA,12,2503,2014-12-27,2515,2015-03-21,2306000.0,2384560.510582293
Smooth-MA,12,2504,2015-01-03,2516,2015-03-28,2278000.0,2344445.139676389
Smooth-MA,12,2505,2015-01-10,2517,2015-04-04,2273000.0,2368160.294949121
Smooth-MA,12,2506,2015-01-17,2518,2015-04-11,2320000.0,2302364.1258356506
Smooth-MA,12,2507,2015-01-24,2519,2015-04-18,2279000.0,2305182.364008087
Smooth-MA,12,2508,2015-01-31,2520,2015-04-25,2254000.0,2267050.2554808985
Smooth-MA,12,2509,2015-02-07,2521,2015-05-02,2261000.0,2318230.32463528
Smooth-MA,12,2510,2015-02-14,2522,2015-05-09,2253000.0,2294006.297849278
Smooth-MA,12,2511,2015-02-21,2523,2015-05-16,2258000.0,2324157.743255237
Smooth-MA,12,2512,2015-02-28,2524,2015-05-23,2236000.0,2345590.1001828276
Smooth-MA,12,2513,2015-03-07,2525,2015-05-30,2294000.0,2359186.059186288
Smooth-MA,12,2514,2015-03-14,2526,2015-06-06,2250000.0,2363244.3754779887
Smooth-MA,12,2515,2015-03-21,2527,2015-06-13,2268000.0,2309032.027090391
Smooth-MA,12,2516,2015-03-28,2528,2015-06-20,2265000.0,2278053.487233686
Smooth-MA,12,2517,2015-04-04,2529,2015-06-27,2312000.0,2270580.852835365
Smooth-MA,12,2518,2015-04-11,2530,2015-07-04,2233000.0,2321926.838828534
Smooth-MA,12,2519,2015-04-18,2531,2015-07-11,2226000.0,2281946.1835774984
Smooth-MA,12,2520,2015-04-25,2532,2015-07-18,2267000.0,2260333.5287225344
Smooth-MA,12,2521,2015-05-02,2533,2015-07-25,2253000.0,2268107.5350887384
Smooth-MA,12,2522,2015-05-09,2534,2015-08-01,2257000.0,2265108.5427415846
Smooth-MA,12,2523,2015-05-16,2535,2015-08-08,2247000.0,2267476.6780201755
Smooth-MA,12,2524,2015-05-23,2536,2015-08-15,2256000.0,2244767.3245864375
Smooth-MA,12,2525,2015-05-30,2537,2015-08-22,2252000.0,2301873.60121755
Smooth-MA,12,2526,2015-06-06,2538,2015-08-29,2258000.0,2265025.2898382503
Smooth-MA,12,2527,2015-06-13,2539,2015-09-05,2243000.0,2282415.091604621
Smooth-MA,12,2528,2015-06-20,2540,2015-09-12,2255000.0,2280281.317444501
Smooth-MA,12,2529,2015-06-27,2541,2015-09-19,2234000.0,2327754.718155128
Smooth-MA,12,2530,2015-07-04,2542,2015-09-26,2240000.0,2252111.0499827997
Smooth-MA,12,2531,2015-07-11,2543,2015-10-03,2207000.0,2244027.3820263403
Smooth-MA,12,2532,2015-07-18,2544,2015-10-10,2214000.0,2286313.907520413
Smooth-MA,12,2533,2015-07-25,2545,2015-10-17,2194000.0,2274477.9001754825
Smooth-MA,12,2534,2015-08-01,2546,2015-10-24,2218000.0,2285076.693695367
arima,12,2475,2014-06-14,2487,2014-09-06,2452000.0,2593493.873644942
arima,12,2476,2014-06-21,2488,2014-09-13,2465000.0,2584845.9528409867
arima,12,2477,2014-06-28,2489,2014-09-20,2447000.0,2578564.7868698537
arima,12,2478,2014-07-05,2490,2014-09-27,2427000.0,2544001.6339866794
arima,12,2479,2014-07-12,2491,2014-10-04,2441000.0,2527378.284865732
arima,12,2480,2014-07-19,2492,2014-10-11,2409000.0,2540911.7538016443
arima,12,2481,2014-07-26,2493,2014-10-18,2437000.0,2526244.869724134
arima,12,2482,2014-08-02,2494,2014-10-25,2406000.0,2528409.6135934135
arima,12,2483,2014-08-09,2495,2014-11-01,2436000.0,2510859.8342309687
arima,12,2484,2014-08-16,2496,2014-11-08,2384000.0,2514841.279565444
arima,12,2485,2014-08-23,2497,2014-11-15,2351000.0,2487286.3613139912
arima,12,2486,2014-08-30,2498,2014-11-22,2389000.0,2483787.7742861593
arima,12,2487,2014-09-06,2499,2014-11-29,2484000.0,2456310.0430525932
arima,12,2488,2014-09-13,2500,2014-12-06,2381000.0,2461798.7809686093
arima,12,2489,2014-09-20,2501,2014-12-13,2379000.0,2450192.496946759
arima,12,2490,2014-09-27,2502,2014-12-20,2338000.0,2427521.227114537
arima,12,2491,2014-10-04,2503,2014-12-27,2422000.0,2439398.524681334
arima,12,2492,2014-10-11,2504,2015-01-03,2381000.0,2412844.69965395
arima,12,2493,2014-10-18,2505,2015-01-10,2400000.0,2432541.5175404926
arima,12,2494,2014-10-25,2506,2015-01-17,2336000.0,2411027.2268671375
arima,12,2495,2014-11-01,2507,2015-01-24,2335000.0,2430814.851941437
arima,12,2496,2014-11-08,2508,2015-01-31,2297000.0,2391412.9377885214
arima,12,2497,2014-11-15,2509,2015-02-07,2344000.0,2350913.9747415353
arima,12,2498,2014-11-22,2510,2015-02-14,2319000.0,2385302.6687609903
arima,12,2499,2014-11-29,2511,2015-02-21,2341000.0,2476391.903013474
arima,12,2500,2014-12-06,2512,2015-02-28,2357000.0,2394528.224114787
arima,12,2501,2014-12-13,2513,2015-03-07,2361000.0,2373165.100968548
arima,12,2502,2014-12-20,2514,2015-03-14,2361000.0,2344630.6437604707
arima,12,2503,2014-12-27,2515,2015-03-21,2306000.0,2410805.7325428864
arima,12,2504,2015-01-03,2516,2015-03-28,2278000.0,2390055.18488547
arima,12,2505,2015-01-10,2517,2015-04-04,2273000.0,2394059.7777263992
arima,12,2506,2015-01-17,2518,2015-04-11,2320000.0,2344939.432067328
arima,12,2507,2015-01-24,2519,2015-04-18,2279000.0,2331046.0852688556
arima,12,2508,2015-01-31,2520,2015-04-25,2254000.0,2302499.1345931143
arima,12,2509,2015-02-07,2521,2015-05-02,2261000.0,2336925.3442321178
arima,12,2510,2015-02-14,2522,2015-05-09,2253000.0,2324656.7252792185
arima,12,2511,2015-02-21,2523,2015-05-16,2258000.0,2336279.903153784
arima,12,2512,2015-02-28,2524,2015-05-23,2236000.0,2357595.8792244815
arima,12,2513,2015-03-07,2525,2015-05-30,2294000.0,2360339.2571992897
arima,12,2514,2015-03-14,2526,2015-06-06,2250000.0,2361301.3044297947
arima,12,2515,2015-03-21,2527,2015-06-13,2268000.0,2311210.027253713
arima,12,2516,2015-03-28,2528,2015-06-20,2265000.0,2278343.6275130636
arima,12,2517,2015-04-04,2529,2015-06-27,2312000.0,2273328.186563097
arima,12,2518,2015-04-11,2530,2015-07-04,2233000.0,2315294.3789126147
arima,12,2519,2015-04-18,2531,2015-07-11,2226000.0,2285129.593993507
arima,12,2520,2015-04-25,2532,2015-07-18,2267000.0,2253628.703628821
arima,12,2521,2015-05-02,2533,2015-07-25,2253000.0,2260489.3240476027
arima,12,2522,2015-05-09,2534,2015-08-01,2257000.0,2254009.4701408213
arima,12,2523,2015-05-16,2535,2015-08-08,2247000.0,2257054.45677087
arima,12,2524,2015-05-23,2536,2015-08-15,2256000.0,2238566.2778827944
arima,12,2525,2015-05-30,2537,2015-08-22,2252000.0,2287195.1099187853
arima,12,2526,2015-06-06,2538,2015-08-29,2258000.0,2257382.8632864677
arima,12,2527,2015-06-13,2539,2015-09-05,2243000.0,2262887.2543814406
arima,12,2528,2015-06-20,2540,2015-09-12,2255000.0,2267617.9616995053
arima,12,2529,2015-06-27,2541,2015-09-19,2234000.0,2306234.00723811
arima,12,2530,2015-07-04,2542,2015-09-26,2240000.0,2243319.346784635
arima,12,2531,2015-07-11,2543,2015-10-03,2207000.0,2221966.860559905
arima,12,2532,2015-07-18,2544,2015-10-10,2214000.0,2264831.993047862
arima,12,2533,2015-07-25,2545,2015-10-17,2194000.0,2255353.3579387865
arima,12,2534,2015-08-01,2546,2015-10-24,2218000.0,2255540.997377047
ets,12,2475,2014-06-14,2487,2014-09-06,2452000.0,2381164.8659886215
ets,12,2476,2014-06-21,2488,2014-09-13,2465000.0,2384547.064993654
ets,12,2477,2014-06-28,2489,2014-09-20,2447000.0,2403295.0894361874
ets,12,2478,2014-07-05,2490,2014-09-27,2427000.0,2353319.7314907606
ets,12,2479,2014-07-12,2491,2014-10-04,2441000.0,2330566.736237649
ets,12,2480,2014-07-19,2492,2014-10-11,2409000.0,2383599.2008486246
ets,12,2481,2014-07-26,2493,2014-10-18,2437000.0,2387707.2850673855
ets,12,2482,2014-08-02,2494,2014-10-25,2406000.0,2423998.174261959
ets,12,2483,2014-08-09,2495,2014-11-01,2436000.0,2403051.627577192
ets,12,2484,2014-08-16,2496,2014-11-08,2384000.0,2424319.3511139615
ets,12,2485,2014-08-23,2497,2014-11-15,2351000.0,2366301.7481751237
ets,12,2486,2014-08-30,2498,2014-11-22,2389000.0,2354547.3038203716
ets,12,2487,2014-09-06,2499,2014-11-29,2484000.0,2299730.818901443
ets,12,2488,2014-09-13,2500,2014-12-06,2381000.0,2329989.7930688993
ets,12,2489,2014-09-20,2501,2014-12-13,2379000.0,2319478.113219967
ets,12,2490,2014-09-27,2502,2014-12-20,2338000.0,2294107.740110546
ets,12,2491,2014-10-04,2503,2014-12-27,2422000.0,2331540.8708277913
ets,12,2492,2014-10-11,2504,2015-01-03,2381000.0,2293768.618356171
ets,12,2493,2014-10-18,2505,2015-01-10,2400000.0,2358917.1477092463
ets,12,2494,2014-10-25,2506,2015-01-17,2336000.0,2326629.8675299883
ets,12,2495,2014-11-01,2507,2015-01-24,2335000.0,2392555.5060692313
ets,12,2496,2014-11-08,2508,2015-01-31,2297000.0,2296825.2197028846
ets,12,2497,2014-11-15,2509,2015-02-07,2344000.0,2196129.2927285656
ets,12,2498,2014-11-22,2510,2015-02-14,2319000.0,2255901.154703429
ets,12,2499,2014-11-29,2511,2015-02-21,2341000.0,2517306.7428425825
ets,12,2500,2014-12-06,2512,2015-02-28,2357000.0,2385287.5811253325
ets,12,2501,2014-12-13,2513,2015-03-07,2361000.0,2327325.152860215
ets,12,2502,2014-12-20,2514,2015-03-14,2361000.0,2227592.0252392096
ets,12,2503,2014-12-27,2515,2015-03-21,2306000.0,2383901.267715424
ets,12,2504,2015-01-03,2516,2015-03-28,2278000.0,2369779.5814891052
ets,12,2505,2015-01-10,2517,2015-04-04,2273000.0,2407221.078332331
ets,12,2506,2015-01-17,2518,2015-04-11,2320000.0,2279293.0702312845
ets,12,2507,2015-01-24,2519,2015-04-18,2279000.0,2234658.020695618
ets,12,2508,2015-01-31,2520,2015-04-25,2254000.0,2134031.7778903865
ets,12,2509,2015-02-07,2521,2015-05-02,2261000.0,2220337.7406753353
ets,12,2510,2015-02-14,2522,2015-05-09,2253000.0,2209945.6725381636
ets,12,2511,2015-02-21,2523,2015-05-16,2258000.0,2273674.2092681844
ets,12,2512,2015-02-28,2524,2015-05-23,2236000.0,2344670.2493896573
ets,12,2513,2015-03-07,2525,2015-05-30,2294000.0,2386568.9130119816
ets,12,2514,2015-03-14,2526,2015-06-06,2250000.0,2400685.0766036925
ets,12,2515,2015-03-21,2527,2015-06-13,2268000.0,2278976.5987950023
ets,12,2516,2015-03-28,2528,2015-06-20,2265000.0,2177182.388887082
ets,12,2517,2015-04-04,2529,2015-06-27,2312000.0,2138964.324366366
ets,12,2518,2015-04-11,2530,2015-07-04,2233000.0,2243085.0411342015
ets,12,2519,2015-04-18,2531,2015-07-11,2226000.0,2209675.7603049898
ets,12,2520,2015-04-25,2532,2015-07-18,2267000.0,2137169.7529395004
ets,12,2521,2015-05-02,2533,2015-07-25,2253000.0,2139180.805777644
ets,12,2522,2015-05-09,2534,2015-08-01,2257000.0,2131470.503398691
ets,12,2523,2015-05-16,2535,2015-08-08,2247000.0,2165107.1125635076
ets,12,2524,2015-05-23,2536,2015-08-15,2256000.0,2140548.786430203
ets,12,2525,2015-05-30,2537,2015-08-22,2252000.0,2273692.527040917
ets,12,2526,2015-06-06,2538,2015-08-29,2258000.0,2236779.1183527363
ets,12,2527,2015-06-13,2539,2015-09-05,2243000.0,2263353.6488410784
ets,12,2528,2015-06-20,2540,2015-09-12,2255000.0,2272955.825416529
ets,12,2529,2015-06-27,2541,2015-09-19,2234000.0,2380070.9957520217
ets,12,2530,2015-07-04,2542,2015-09-26,2240000.0,2240139.582629584
ets,12,2531,2015-07-11,2543,2015-10-03,2207000.0,2167514.674761084
ets,12,2532,2015-07-18,2544,2015-10-10,2214000.0,2228201.8603268336
ets,12,2533,2015-07-25,2545,2015-10-17,2194000.0,2224766.228246512
ets,12,2534,2015-08-01,2546,2015-10-24,2218000.0,2227543.054173914
naive,12,2475,2014-06-14,2487,2014-09-06,2452000.0,2595000.0
naive,12,2476,2014-06-21,2488,2014-09-13,2465000.0,2583000.0
naive,12,2477,2014-06-28,2489,2014-09-20,2447000.0,2579000.0
naive,12,2478,2014-07-05,2490,2014-09-27,2427000.0,2540000.0
naive,12,2479,2014-07-12,2491,2014-10-04,2441000.0,2528000.0
naive,12,2480,2014-07-19,2492,2014-10-11,2409000.0,2542000.0
naive,12,2481,2014-07-26,2493,2014-10-18,2437000.0,2524000.0
naive,12,2482,2014-08-02,2494,2014-10-25,2406000.0,2530000.0
naive,12,2483,2014-08-09,2495,2014-11-01,2436000.0,2508000.0
naive,12,2484,2014-08-16,2496,2014-11-08,2384000.0,2517000.0
naive,12,2485,2014-08-23,2497,2014-11-15,2351000.0,2483000.0
naive,12,2486,2014-08-30,2498,2014-11-22,2389000.0,2486000.0
naive,12,2487,2014-09-06,2499,2014-11-29,2484000.0,2452000.0
naive,12,2488,2014-09-13,2500,2014-12-06,2381000.0,2465000.0
naive,12,2489,2014-09-20,2501,2014-12-13,2379000.0,2447000.0
naive,12,2490,2014-09-27,2502,2014-12-20,2338000.0,2427000.0
naive,12,2491,2014-10-04,2503,2014-12-27,2422000.0,2441000.0
naive,12,2492,2014-10-11,2504,2015-01-03,2381000.0,2409000.0
naive,12,2493,2014-10-18,2505,2015-01-10,2400000.0,2437000.0
naive,12,2494,2014-10-25,2506,2015-01-17,2336000.0,2406000.0
naive,12,2495,2014-11-01,2507,2015-01-24,2335000.0,2436000.0
naive,12,2496,2014-11-08,2508,2015-01-31,2297000.0,2384000.0
naive,12,2497,2014-11-15,2509,2015-02-07,2344000.0,2351000.0
naive,12,2498,2014-11-22,2510,2015-02-14,2319000.0,2389000.0
naive,12,2499,2014-11-29,2511,2015-02-21,2341000.0,2484000.0
naive,12,2500,2014-12-06,2512,2015-02-28,2357000.0,2381000.0
naive,12,2501,2014-12-13,2513,2015-03-07,2361000.0,2379000.0
naive,12,2502,2014-12-20,2514,2015-03-14,2361000.0,2338000.0
naive,12,2503,2014-12-27,2515,2015-03-21,2306000.0,2422000.0
naive,12,2504,2015-01-03,2516,2015-03-28,2278000.0,2381000.0
naive,12,2505,2015-01-10,2517,2015-04-04,2273000.0,2400000.0
naive,12,2506,2015-01-17,2518,2015-04-11,2320000.0,2336000.0
naive,12,2507,2015-01-24,2519,2015-04-18,2279000.0,2335000.0
naive,12,2508,2015-01-31,2520,2015-04-25,2254000.0,2297000.0
naive,12,2509,2015-02-07,2521,2015-05-02,2261000.0,2344000.0
naive,12,2510,2015-02-14,2522,2015-05-09,2253000.0,2319000.0
naive,12,2511,2015-02-21,2523,2015-05-16,2258000.0,2341000.0
naive,12,2512,2015-02-28,2524,2015-05-23,2236000.0,2357000.0
naive,12,2513,2015-03-07,2525,2015-05-30,2294000.0,2361000.0
naive,12,2514,2015-03-14,2526,2015-06-06,2250000.0,2361000.0
naive,12,2515,2015-03-21,2527,2015-06-13,2268000.0,2306000.0
naive,12,2516,2015-03-28,2528,2015-06-20,2265000.0,2278000.0
naive,12,2517,2015-04-04,2529,2015-06-27,2312000.0,2273000.0
naive,12,2518,2015-04-11,2530,2015-07-04,2233000.0,2320000.0
naive,12,2519,2015-04-18,2531,2015-07-11,2226000.0,2279000.0
naive,12,2520,2015-04-25,2532,2015-07-18,2267000.0,2254000.0
naive,12,2521,2015-05-02,2533,2015-07-25,2253000.0,2261000.0
naive,12,2522,2015-05-09,2534,2015-08-01,2257000.0,2253000.0
naive,12,2523,2015-05-16,2535,2015-08-08,2247000.0,2258000.0
naive,12,2524,2015-05-23,2536,2015-08-15,2256000.0,2236000.0
naive,12,2525,2015-05-30,2537,2015-08-22,2252000.0,2294000.0
naive,12,2526,2015-06-06,2538,2015-08-29,2258000.0,2250000.0
naive,12,2527,2015-06-13,2539,2015-09-05,2243000.0,2268000.0
naive,12,2528,2015-06-20,2540,2015-09-12,2255000.0,2265000.0
naive,12,2529,2015-06-27,2541,2015-09-19,2234000.0,2312000.0
naive,12,2530,2015-07-04,2542,2015-09-26,2240000.0,2233000.0
naive,12,2531,2015-07-11,2543,2015-10-03,2207000.0,2226000.0
naive,12,2532,2015-07-18,2544,2015-10-10,2214000.0,2267000.0
naive,12,2533,2015-07-25,2545,2015-10-17,2194000.0,2253000.0
naive,12,2534,2015-08-01,2546,2015-10-24,2218000.0,2257000.0
sarima,12,2475,2014-06-14,2487,2014-09-06,2452000.0,2490553.184020503
sarima,12,2476,2014-06-21,2488,2014-09-13,2465000.0,2479099.9949331805
sarima,12,2477,2014-06-28,2489,2014-09-20,2447000.0,2473201.6820328487
sarima,12,2478,2014-07-05,2490,2014-09-27,2427000.0,2432885.260274832
sarima,12,2479,2014-07-12,2491,2014-10-04,2441000.0,2418383.4337553764
sarima,12,2480,2014-07-19,2492,2014-10-11,2409000.0,2429742.8373121284
sarima,12,2481,2014-07-26,2493,2014-10-18,2437000.0,2418350.290874664
sarima,12,2482,2014-08-02,2494,2014-10-25,2406000.0,2424745.1397774722
sarima,12,2483,2014-08-09,2495,2014-11-01,2436000.0,2407033.4212951525
sarima,12,2484,2014-08-16,2496,2014-11-08,2384000.0,2415511.26162085
sarima,12,2485,2014-08-23,2497,2014-11-15,2351000.0,2376359.99525797
sarima,12,2486,2014-08-30,2498,2014-11-22,2389000.0,2373798.314806367
sarima,12,2487,2014-09-06,2499,2014-11-29,2484000.0,2344411.4132741834
sarima,12,2488,2014-09-13,2500,2014-12-06,2381000.0,2352364.041761349
sarima,12,2489,2014-09-20,2501,2014-12-13,2379000.0,2338176.567291991
sarima,12,2490,2014-09-27,2502,2014-12-20,2338000.0,2314879.7393084285
sarima,12,2491,2014-10-04,2503,2014-12-27,2422000.0,2334801.247560011
sarima,12,2492,2014-10-11,2504,2015-01-03,2381000.0,2298402.1442042314
sarima,12,2493,2014-10-18,2505,2015-01-10,2400000.0,2327895.8303752765
sarima,12,2494,2014-10-25,2506,2015-01-17,2336000.0,2303506.410915925
sarima,12,2495,2014-11-01,2507,2015-01-24,2335000.0,2333158.7732519843
sarima,12,2496,2014-11-08,2508,2015-01-31,2297000.0,2285561.426046765
sarima,12,2497,2014-11-15,2509,2015-02-07,2344000.0,2234605.5115653444
sarima,12,2498,2014-11-22,2510,2015-02-14,2319000.0,2277020.5260017216
sarima,12,2499,2014-11-29,2511,2015-02-21,2341000.0,2395419.963901112
sarima,12,2500,2014-12-06,2512,2015-02-28,2357000.0,2295836.7961461586
sarima,12,2501,2014-12-13,2513,2015-03-07,2361000.0,2272139.818914683
sarima,12,2502,2014-12-20,2514,2015-03-14,2361000.0,2236986.1953760134
sarima,12,2503,2014-12-27,2515,2015-03-21,2306000.0,2326700.228791073
sarima,12,2504,2015-01-03,2516,2015-03-28,2278000.0,2295627.6597377392
sarima,12,2505,2015-01-10,2517,2015-04-04,2273000.0,2308732.2962564514
sarima,12,2506,2015-01-17,2518,2015-04-11,2320000.0,2246096.1810138435
sarima,12,2507,2015-01-24,2519,2015-04-18,2279000.0,2235344.158401215
sarima,12,2508,2015-01-31,2520,2015-04-25,2254000.0,2198751.405771065
sarima,12,2509,2015-02-07,2521,2015-05-02,2261000.0,2245236.3849920616
sarima,12,2510,2015-02-14,2522,2015-05-09,2253000.0,2228870.036401977
sarima,12,2511,2015-02-21,2523,2015-05-16,2258000.0,2244831.6968068327
sarima,12,2512,2015-02-28,2524,2015-05-23,2236000.0,2269399.9917628663
sarima,12,2513,2015-03-07,2525,2015-05-30,2294000.0,2280858.861304877
sarima,12,2514,2015-03-14,2526,2015-06-06,2250000.0,2284080.7828484075
sarima,12,2515,2015-03-21,2527,2015-06-13,2268000.0,2225971.6907754117
sarima,12,2516,2015-03-28,2528,2015-06-20,2265000.0,2180135.232443013
sarima,12,2517,2015-04-04,2529,2015-06-27,2312000.0,2178397.8798284773
sarima,12,2518,2015-04-11,2530,2015-07-04,2233000.0,2232013.2435679357
sarima,12,2519,2015-04-18,2531,2015-07-11,2226000.0,2200548.5838240725
sarima,12,2520,2015-04-25,2532,2015-07-18,2267000.0,2164562.3882679124
sarima,12,2521,2015-05-02,2533,2015-07-25,2253000.0,2172854.6972628185
sarima,12,2522,2015-05-09,2534,2015-08-01,2257000.0,2164475.4396983646
sarima,12,2523,2015-05-16,2535,2015-08-08,2247000.0,2168743.1611196543
sarima,12,2524,2015-05-23,2536,2015-08-15,2256000.0,2143982.374619803
sarima,12,2525,2015-05-30,2537,2015-08-22,2252000.0,2208708.1558359796
sarima,12,2526,2015-06-06,2538,2015-08-29,2258000.0,2172909.502770545
sarima,12,2527,2015-06-13,2539,2015-09-05,2243000.0,2186160.938797143
sarima,12,2528,2015-06-20,2540,2015-09-12,2255000.0,2188695.0089360364
sarima,12,2529,2015-06-27,2541,2015-09-19,2234000.0,2243584.484617699
sarima,12,2530,2015-07-04,2542,2015-09-26,2240000.0,2164094.398224692
sarima,12,2531,2015-07-11,2543,2015-10-03,2207000.0,2143541.249920032
sarima,12,2532,2015-07-18,2544,2015-10-10,2214000.0,2197383.6074495832
sarima,12,2533,2015-07-25,2545,2015-10-17,2194000.0,2189202.4597581956
sarima,12,2534,2015-08-01,2546,2015-10-24,2218000.0,2188434.637123073
